adjustment_ratio,adjustment_type,ann_type,avg_price_1d,avg_price_20d,bond_code,bond_name,delisting_date,doc_id,effective_date,evidence_page,evidence_text,last_convert_date,new_conv_price,notes,original_conv_price,premium_rate,pricing_base_date,publish_date,record_date,redemption_price,redemption_trigger,stock_code,stock_name,trigger_rule
,,强赎类公告,,,149975,22万科 05,2025-07-08,02279a1b64687f35,,6,二〇二五年六月十七日；赎回价格：人民币 103.21元/张（含当期利息，且当期利息含税）,2025-07-07,,,,3.21,,2025-06-17,2025-07-07,103.21,发行人将于本期债券第3个计息年度付息日前的第20个交易日，在指定的信息披露媒体上发布关于是否行使赎回选择权的公告。若决定行使赎回权利，本期债券将被视为第3年全部到期,000002,万科 A,
,,强赎类公告,,,148205,23重发 01,2026-03-16,00d8ff93ff716bce,,1,赎回登记日： 2026年3月13日 赎回价格：人民币 103.20元/张（含当期应计利息且当期利息含税）,,,,,3.2,,,2026-03-13,103.2,发行人将于本期债券第 3个计息年度付息日前的第 30个交易日，决定是否行使发行人赎回选择权,,,
,,下修类公告,,,123117,健帆转债,,033306497d0154b5,,,截至2026年5月8日，公司股票已出现连续三十个交易日中十五个交易日的收盘价格低于当期转股价格85%的情形，且最新有效的转股价格为38.65元/股,,,,38.65,,,2026-05-08,,,,300529,健帆生物科技集团股份有限公司,连续30个交易日中有15个交易日收盘价低于转股价的85%
,,强赎类公告,,,111005,富春转债,2026-05-29,057f3ee963b3eb52,,,赎回登记日：2026年5月28日；赎回价格：101.3973元/张；最后转股日：2026年5月28日；摘牌日期：2026年5月29日；公司股票自2026年4月9日至2026年4月29日连续三十个交易日有十五个交易日收盘价格高于（或不低于）当期转股价格11.98元/股的130%（即15.574元/股）,2026-05-28,,,,1.4,,2026-05-21,2026-05-28,101.4,连续三十个交易日中至少有十五个交易日的收盘价格不低于当期转股价格的130%（即15.574元/股）,605189,芜湖富春染织股份有限公司,
,,强赎类公告,,,123236,家联转债,2026-05-28,03f93945dfe5ccba,,2,截至2026年5月27日收市后仍未转股的‘家联转债’将按照100.344元/张的价格强制赎回。若被强制赎回，投资者可能面临损失。,2026-05-28,,,,0.34,,2026-05-22,2026-05-27,100.34,连续三十个交易日中至少有十五个交易日的收盘价格不低于当期转股价格的130%（含130%）,301193,家联科技,
,,下修类公告,,,123109,昌红转债,,05e842f296bf08a9,,3,公司股价自2026年4月7日至2026年4月27日，出现连续三十个交易日中至少有十五个交易日的收盘价低于当期转股价格的85%（即22.71元/股）的情形,,,,26.72,,2026-04-27,2026-04-28,,,,300151,昌红科技,连续30个交易日收盘价低于转股价的85%
15.0,被动调整,下修类公告,,,123264,双乐转债,,07ef28c71632845f,,3,自2026年3月3日至2026年3月16日，公司股票已有10个交易日的收盘价格低于当期转股价格36.70元/股的85%（即31.20元/股）,,,,36.7,,,2026-03-16,,,,301036,双乐股份,当公司股票在任意连续三十个交易日中至少有十五个交易日的收盘价格低于当期转股价格的85%
55.38,主动下修,下修类公告,,,128119,龙大转债,,09d83a9026b8effd,2026-02-12,Page 1,2026年5月6日，公司召开第六届董事会第十八次会议审议通过了《关于提议向下修正“龙大转债”转股价格的议案》。公司股票已有十个交易日的收盘价低于当期转股价格的90%（即3.78元/股），已触发“龙大转债”转股价格向下修正条款。将“龙大转债”的转股价格由9.30元/股向下修正为4.20元/股,,4.2,,9.3,,,2026-05-06,,,,002726,ST龙大,当公司A股股票在任意连续二十个交易日中有十个交易日的收盘价低于当期转股价格的90%时
,,强赎类公告,,,127024,盈峰转债,2026-05-29,0e101c21c63c1568,,Page 1,2026年5月25日为“盈峰转债”最后一个交易日，当日“盈峰转债”简称 为“Z峰转债”；2026年5月25日收市后“盈峰转债”将停止交易。2026年5月28日为“盈峰转债”最后一个转股日，当日收市前，持有“盈峰转债”的投资者仍可进行转股，2026年5月28日收市后，仍未实施转股的“盈峰转债”将停止转股，剩余“盈峰转债”将按照101.129元/张（含息税，当期年利率为2.00%）的价格被强制赎回。,2026-05-28,,,,1.13,,2026-05-21,2026-05-28,101.13,连续30个交易日收盘价不低于当期转股价格的130%（含130%）,000967,盈峰环境科技集团股份有限公司,
,被动调整,下修类公告,,,123104,卫宁转债,,0e492db366e04dd2,,4,截至2026年3月11日，公司股票出现在任意连续三十个交易日中有十五个交易日的收盘价低于当期转股价格17.31元/股的85%（即14.71元/股）的情形,,,,17.31,,2026-03-11,2026-03-11,,,,300253,卫宁健康,连续30个交易日中有15个交易日收盘价低于转股价的85%
,,强赎类公告,,,149539,21建房01,2026-07-13,0fb9af5c0fca7685,,,赎回价格：人民币104.38元/张（含当期应计利息且当期利息含税）。赎回登记日：2026年7月10日。赎回资金到账日：2026年7月13日。摘牌日：2026年7月13日。,,,,,4.38,,,2026-07-10,104.38,发行人将于本期债券存续期的第5年付息日前的第30个交易日，在交易所指定的信息披露媒体上发布关于是否行使赎回选择权的公告。若决定行使赎回权利，本期债券将被视为第5年全部到期,149539,建发房地产集团有限公司,
,,强赎类公告,,,128141,旺能转债,2026-05-20,0d4491c8a504ab4a,,1,1证券代码：002034 证券简称：旺能环境 公告编号：2026-56 债券代码：128141 债券简称：旺能转债 2026年5月19日为“旺能转债”最后一个转股日，当日收市前，持有“旺能转债”的投资者仍可进行转股；2026年5月19日收市后，仍未转股的“旺能转债”将停止转股，剩余可转债将按照100.844元/张（含息税）的价格强制赎回。,2026-05-19,,,,0.84,,2026-05-19,2026-05-19,100.84,连续三十个交易日中至少有十五个交易日的收盘价格不低于当期转股价格的130%（含130%）,002034,旺能环境,
,,下修类公告,,,118024,冠宇转债,,15c8db470b26e087,,"Page1,Page3,Page4","证券代码：688772 证券简称：珠海冠宇 公告编号：2026-023
转债代码：118024 转债简称：冠宇转债
截至2026年3月20日，珠海冠宇电池股份有限公司（以下简称“公司”）股价已出现连续三十个交易日中有十五个交易日的收盘价低于当期转股价格的85%的情形，已触发“冠宇转债”转股价格的向下修正条件。
公司董事会和管理层在综合考虑宏观经济、市场环境、公司发展情况、股价走势等多重因素后，基于对公司的长期发展潜力与内在价值的信心，于2026年3月20日召开第二届董事会第三十九次会议，审议通过了《关于不向下修正“冠宇转债”转股价格的议案》。
公司董事会决定本次不向下修正“冠宇转债”转股价格，同时在未来两个月内（即2026年3月21日至2026年5月20日），如再次触发“冠宇转债”转股价格向下修正条件，亦不提出向下修正方案。",,,,22.89,,,2026-03-21,,,,688772,珠海冠宇,连续30个交易日中有15个交易日收盘价低于当期转股价格的85%
,,强赎类公告,,,111013,新港转债,2026-06-02,16c456fa50fe3336,,5,浙江新中港热电股份有限公司（以下简称“公司”）的股票自2026年3月31日至2026年4月21日连续15个交易日收盘价格不低于公司“新港转债”当期转股价格的130%（即11.27元/股），已触发“新港转债”的有条件赎回条款。赎回价格为100.3534元/张。赎回登记日：2026年6月1日。最后转股日：2026年6月1日。摘牌日期：2026年6月2日。溢价率：0.3534%。,2026-06-01,,,,0.35,,2026-05-28,2026-06-01,100.35,连续30个交易日收盘价不低于转股价的130%,605162,新中港,连续30个交易日收盘价不低于转股价的130%
40.07,主动下修,下修类公告,22.29,24.55,118027,宏图转债,,1b9272a66b161a74,2026-03-20,1,证券代码：688066证券简称：航天宏图 公告编号：2026-013 债券代码：118027债券简称：宏图转债 航天宏图信息技术股份有限公司关于向下修正“宏图转债”转股价格暨转股停牌的公告,,24.55,,40.94,,2026-03-18,2026-03-19,,,,688066,航天宏图,当公司股票在任意连续三十个交易日中至少有十五个交易日的收盘价低于当期转股价格的85%时
,,下修类公告,,,123180,浙矿转债,,1e021a56c77c5d43,,4,2026年3月12日至2026年3月25日，公司股票已有10个交易日的收盘价格低于当期转股价格的85%，即低于40.71元/股；转股价格：人民币47.89元/股,,,,47.89,,,2026-03-25,,,,300837,浙矿股份,当公司股票在任意连续三十个交易日中至少有十五个交易日的收盘价格低于当期转股价格的85%时，公司董事会有权提出转股价格向下修正方案并提交公司股东会表决
,,强赎类公告,,,148300,23广资01,2026-05-25,1f12792e645893ca,,1,赎回登记日：2026年5月22日。赎回价格：人民币103.18元/张（含当期利息，且当期利息含税）。,,,,,,,,2026-05-22,103.18,,,,
,,下修类公告,,,118053,正帆转债,,1fb17fd4938c055a,,,截至2026年3月23日，公司股票已出现连续三十个交易日中有十五个交易日的收盘价格低于当期转股价格的85%（即32.68元/股）的情形，公司于2026年3月23日召开第四届董事会第十九次会议，审议通过了《关于不向下修正“正帆转债”转股价格的议案》,,,,38.45,,,2026-03-24,,,,688596,上海正帆科技股份有限公司,连续30个交易日中有15个交易日收盘价低于当期转股价格的85%
,,强赎类公告,,,111023,利柏转债,,20c3a35eac0b5974,,3,2026年5月20日,,,,,,,2026-05-20,,,1）在转股期内，如果公司股票在任意连续三十个交易日中至少有十五个交易日的收盘价格不低于当期转股价格的130%（含130%）。,605167,利柏特,
49.77,主动下修,下修类公告,16.6,16.5,110076,华海转债,,1f0b8841d52d4d13,2026-05-25,,自2026年3月27日至2026年4月17日期间，公司股价已出现任意三十个连续交易日中至少十五个交易日收盘价格低于当期转股价格80%（即26.45元/股）的情形，‘华海转债’转股价格已触发向下修正条款。2025年年度股东会召开日前二十个交易日（2026年4月20日至2026年5月20日）公司股票交易均价为16.50元/股；2025年年度股东会召开日前一交易日（2026年5月20日）公司股票交易均价为16.60元/股。本次修正后的转股价格自2026年5月25日起生效。,,16.6,,33.06,,2026-05-21,2026-05-21,,,,600521,华海药业,当公司股票在任意三十个连续交易日中至少十五个交易日收盘价格低于当期转股价格的80%时
,,强赎类公告,,,123054,思特转债,,2d69cf53599ce783,,6,赎回价格为102.90元/张（含息税）,2026-05-29,,,,2.9,,2026-05-18,2026-05-28,102.9,连续三十个交易日中有十五个交易日的收盘价格不低于当期转股价格的130%（含130%）,300608,思特奇,连续三十个交易日中有十五个交易日的收盘价格不低于当期转股价格9.88元/股的130%（含130%）
,,下修类公告,,,113700,海天转债,,2d6652d08605b2cc,,"1,2,3",公司股票已经出现在任意三十个连续交易日中至少十五个交易日的收盘价格低于当期转股价格85%的情形，已触发《募集说明书》中约定的转股价格向下修正条款。经第五届董事会第四次会议审议通过，公司董事会决定本次不向下修正转股价格，并在作出本次董事会决议后3个月内（即2026年3月27日至2026年6月26日）亦不提出转股价格向下修正方案。,,,,,,,2026-03-27,,,,603759,海天水务集团股份公司,当公司A股股票在任意连续三十个交易日中有十五个交易日的收盘价低于当期转股价格的85%时
40.0,主动下修,下修类公告,,,118027,宏图转债,,30a2cdd854e250b2,,Page 1,证券代码：688066 证券简称：*ST航图 债券代码：118027 债券简称：宏图转债 转股价格：24.55元/股,,24.55,,40.94,,,2026-05-28,,,,688066,*ST航图,连续30个交易日中有15个交易日收盘价低于转股价的85%
,,强赎类公告,,,128137,洁美转债,,34143da420648a5a,,6,自2026年5月11日起至2026年5月22日，浙江洁美电子科技股份有限公司（以下简称“公司”）股票已有10个交易日的收盘价不低于当期转股价格（即26.46元/股）的130%（即34.40元/股）。若此后公司股票收盘价继续不低于34.24元/股，则预计触发有条件赎回条款。,2026-11-03,,,,,,2026-05-23,2026-05-28,,公司股票在任意连续30个交易日中至少有15个交易日的收盘价格不低于当期转股价格的130%（含）,002859,洁美科技,
,,强赎类公告,,,148097,22越控 04,2025-10-24,3576645e9c404f86,,8,广州越秀资本控股集团股份有限公司关于行使“ 22越控 04”发行人赎回选择权暨放弃行使发行人调整票面利率选择权的第一次提示性公告；赎回价格：人民币 102.65元/张（含当期利息，且当期利息含税）；摘牌日：2025年10月24日,,,,,2.65,,2025-09-11,2025-10-23,102.65,,,广州越秀资本控股集团股份有限公司,
,,强赎类公告,,,148097,22越控 04,,34e31ea48be50cb3,,3,2025年10月24日（如遇法定节假日或休息日，则顺延至其后的第1个交易日）为“22越控 04”第3个计息年度付息日，根据《募集说明书》有关条款约定，公司可决定是否行使发行人调整票面利率选择权或发行人赎回选择权。根据公司实际情况及当前的市场环境，公司决定放弃行使发行人调整票面利率选择权，并行使本期债券的发行人赎回选择权，对赎回登记日登记在册的“22越控 04”进行全额赎回。,,,,,,,2025-09-10,,,,,广州越秀资本控股集团股份有限公司,
,,下修类公告,,,123259,锦浪转02,,36933c941ce9fabf,,1,自2025年10月22日至2025年12月2日，公司股票在连续三十个交易日中有十个交易日的收盘价低于当期转股价格的85%。在本次发行的可转债存续期间，当公司股票在任意连续三十个交易日中至少有十五个交易日的收盘价低于当期转股价格的85%时，公司董事会有权提出转股价格向下修正方案并提交公司股东会表决。,,,,89.82,,,2025-12-02,,,,300763,锦浪科技,当公司股票在任意连续三十个交易日中至少有十五个交易日的收盘价低于当期转股价格的85%时，公司董事会有权提出转股价格向下修正方案并提交公司股东会表决。
,主动下修,下修类公告,,,113660,寿22转债,,38020326325819b2,,Page 3,自2026年3月16日至2026年4月3日期间，浙江寿仙谷医药股份有限公司（以下简称“公司”、“寿仙谷”）股票满足连续三十个交易日中有十五个交易日的收盘价低于“寿22转债”当期转股价格的85%（即31.31元/股），已触发“寿22转债”转股价格向下修正条款。公司于2026年4月3日召开第五届董事会第七次会议，审议通过了《关于不向下修正“寿22转债”转股价格的议案》，表决结果：同意票5票，反对票0票，弃权票0票，关联董事李明焱、李振皓、李振宇、徐靖回避表决。最新转股价格为36.84元/股,,36.84,,31.31,,,2026-04-04,,,,603896,寿仙谷,连续三十个交易日中有十五个交易日的收盘价低于当期转股价格的85%
,,强赎类公告,,,123054,思特转债,,379e88769409d3a1,,6,特此公告。北京思特奇信息技术股份有限公司董事会 2026年5月27日,2026-05-29,,,,2.9,,2026-05-27,2026-05-28,102.9,连续三十个交易日中有十五个交易日的收盘价格不低于当期转股价格的130%（含130%）,300608,思特奇,
,,强赎类公告,,,148099,22万科 07,2025-10-31,3825c2e9188130a9,,7,证券代码： 000002、299903、148099；赎回登记日 ：2025年10月30日；赎回价格 ：人民币 103.45元/张（含当期利息，且当期利息含税）；摘牌日: 2025年10月31日；本期债券第3个计息年度付息日即为回售支付日；公司赎回债券可能会给投资者带来损失，请投资者注意投资风险。,,,,,3.45,,2025-10-13,2025-10-30,103.45,,000002,万科 A,
,,下修类公告,,,123262,神宇转债,,3a7df55e443a3c7e,,1,证券代码：300563 证券简称：神宇股份 公告编号：2026-018 债券代码：123262 债券简称：神宇转债,,,,39.31,,,2026-04-09,,,,300563,神宇股份,连续30个交易日中有15个交易日收盘价低于转股价的85%
,被动调整,下修类公告,,,123165,回天转债,,3c40a15c7a155501,,4,特此公告。湖北回天新材料股份有限公司董事会2026年1月27日,2028-10-26,,,15.2,,,2026-01-27,,,,300041,回天新材,当公司股票在任意连续三十个交易日中至少有十五个交易日的收盘价低于当期转股价格的85%时
,被动调整,下修类公告,,,127062,垒知转债,,3b0e88fa1073ac05,2025-06-13,Page1,自2025年12月15日至2025年12月26日，公司股票在连续30个交易日中已有10个交易日的收盘价低于当期转股价格7.59元/股的85%，即6.45元/股的情形，预计触发转股价格向下修正条件。,,,,7.59,,2025-06-12,2025-12-27,,,,002398,垒知集团,当公司股票在任意连续三十个交易日中至少有十五个交易日的收盘价低于当期转股价格的85%时，公司董事会有权提出转股价格向下修正方案并提交公司股东大会表决。
,,下修类公告,,,123117,健帆转债,,3c90e81f0fc23ba2,,6,截至2026年4月14日，公司股票已出现连续三十个交易日中十五个交易日的收盘价格低于当期转股价格85%的情形，已触发‘健帆转债’转股价格向下修正条款。截至目前‘健帆转债’最新有效的转股价格为38.65元/股,,,,38.65,,2026-04-14,2026-04-14,,,,300529,健帆生物,当公司股票在任意连续三十个交易日中至少有十五个交易日的收盘价格低于当期转股价格的85%时
,,强赎类公告,,,127026,超声转债,2026-06-15,3c4b94e6e5d45a2f,,7,证券代码：000823 证券简称：超声电子 公告编号：2026-032；赎回价格为101.04元/张（含息、含税）；赎回登记日为2026年6月12日；赎回日为2026年6月15日；停止转股日为2026年6月15日；赎回完成后将在深交所摘牌,2026-06-15,,,,1.04,,2026-06-01,2026-06-12,101.04,连续30个交易日收盘价不低于转股价的130%（含130%）,000823,超声电子,
,,下修类公告,,,123264,双乐转债,,3dc43ec0d3410551,,1,自2026年3月3日至2026年3月23日，公司股票已满足任意连续三十个交易日中至少有十五个交易日的收盘价格低于当期转股价格（36.70元/股）的85%（即31.20元/股）,,,,36.7,,2026-03-23,2026-03-23,,,,301036,双乐股份,连续30个交易日中有15个交易日收盘价低于转股价的85%
,,下修类公告,,17.78,127056,中特转债,,3dda9c93b8d92ff5,,6,证券代码：000708，证券简称：中信特钢；债券代码：127056，债券简称：中特转债；转股价格：22.23元/股；2026年2月24日至2026年3月10日，公司已有10个交易日的收盘价低于‘中特转债’当期转股价格22.23元/股的80%（即17.78元/股）的情形,2028-02-24,,,22.23,,,2026-03-11,,,,000708,中信特钢,当公司股票在任意连续三十个交易日中至少有十五个交易日的收盘价低于当期转股价格的80%时
,,强赎类公告,,,148099,22万科 07,2025-10-31,3dfa0ddc604f0850,,6,赎回价格 ：人民币 103.45元/张（含当期利息，且当期利息含税）；摘牌日 : 2025年10月31日,,,,,3.45,,2025-09-25,2025-10-30,103.45,,000002,万科 A,
,,强赎类公告,,,123121,帝尔转债,2026-06-10,3f305542a7fe862f,,7,特此公告。武汉帝尔激光科技股份有限公司 董事会 2026年5月26日,2026-06-03,,,,2.07,,2026-05-26,2026-06-02,102.07,转股期内，当下述两种情形的任意一种出现时，公司有权决定按照债券面值加当期应计利息的价格赎回全部或部分未转股的可转换公司债券：（1）在转股期内，如果公司股票在连续三十个交易日中至少十五个交易日的收盘价格不低于当期转股价格的130%（含130%）；,300776,武汉帝尔激光科技股份有限公司,
,主动下修,下修类公告,,,128138,侨银转债,,383e9d76acf1a76e,2024-11-25,4,侨银城市管理股份有限公司董事会2026年3月4日,,18.0,,25.03,,,2026-03-04,,,,002973,侨银股份,连续30个交易日中有15个交易日收盘价低于当期转股价格85%（即15.215元/股）的情形
,,强赎类公告,,,123126,瑞丰转债,2026-06-01,422a436023d3615f,,6,山东瑞丰高分子材料股份有限公司董事会2026年5月21日,2026-06-01,,,,,,2026-05-21,2026-05-29,102.532,在本次发行的可转换公司债券转股期内，如果公司股票在任何连续三十个交易日中至少有十五个交易日的收盘价格不低于当期转股价格的130%（含130%）,300243,瑞丰高材,
,,下修类公告,,,118022,锂科转债,,429fdb10834e923f,2026-09-15,Page 3,公司董事会决定本次不向下修正转股价格，同时在未来六个月内（即自本次触发修正条件的次一交易日2026年3月16日起至2026年9月15日），如果再次触发“锂科转债”转股价格向下修正条件，亦不提出向下修正方案。,,,,15.53,,,2026-03-14,,,,688779,五矿新能,连续30个交易日中有15个交易日收盘价低于转股价的85%
,被动调整,下修类公告,,,110073,国投转债,,434740bd93b8fa5e,,1,2025年11月21日至2025年12月4日，公司股票已有十个交易日的收盘价低于当期转股价格的80%（7.54元/股）,,,,9.42,,,2025-12-05,,,,600061,国投资本,连续30个交易日中有15个交易日收盘价低于当期转股价格的80%
,,下修类公告,,,123122,富瀚转债,,42b34ecf8148f806,,1,截至2026年5月19日，上海富瀚微电子股份有限公司（以下简称“公司”）股票已出现连续三十个交易日中至少有十五个交易日的收盘价格低于当期转股价格的85%的情形，触发“富瀚转债”转股价格向下修正条款。,,,,91.69,,2026-05-19,2026-05-19,,,,300613,富瀚微,连续30个交易日中有15个交易日收盘价低于转股价的85%
15.01,被动调整,下修类公告,,,123072,乐歌转债,,42f8d8a6f1f4a701,,1,自2025年12月1日至2025年12月12日，乐歌人体工学科技股份有限公司的股票已有10个交易日的收盘价持续低于当期转股价格32.91元/股的85%，即27.97元/股的情形,,,,32.91,,,2025-12-12,,,,300729,乐歌股份,当公司股票在任意连续三十个交易日中至少十五个交易日的收盘价格低于当期转股价格85%时
,被动调整,下修类公告,,,110076,华海转债,,43bb52461db6a3dd,,2,自2026年3月27日至2026年4月10日期间，公司股票已有10个交易日的收盘价低于当期转股价格的80%（即26.45元/股）,,,,33.06,,,2026-04-10,,,,600521,华海药业,当公司股票在任意三十个连续交易日中至少十五个交易日收盘价格低于当期转股价格的80%时，董事会有权提出转股价格向下修正方案并提交股东会表决
,,强赎类公告,,,111013,新港转债,2026-06-02,45f384353378dc7c,,5,浙江新中港热电股份有限公司董事会 2026年5月23日；赎回登记日：2026年6月1日；赎回价格：100.3534元/张；最后交易日：2026年5月27日；最后转股日：2026年6月1日；摘牌日期：2026年6月2日；当期应计利息0.3534元/张；转股价格8.67元/股；公司股票连续15个交易日收盘价格不低于当期转股价格的130%（即11.27元/股）,2026-06-01,,,,0.35,,2026-05-23,2026-06-01,100.35,连续30个交易日收盘价格不低于当期转股价格的130%（含本数）,605162,浙江新中港热电股份有限公司,
,,强赎类公告,,,149975,22万科 05,2025-07-08,47f52370c92fa5a7,,"2,4,7","证券代码： 000002、299903、149975；赎回价格 ：人民币 103.21元/张（含当期应计利息且当期利息含税）；赎回登记日 ：2025年7月7日；摘牌日: 2025年7月8日；每10张债券（面值为人民币1,000元）派发利息为人民币32.10元",,,,,3.21,,2025-06-17,2025-07-07,103.21,,000002,万科 A,
,,强赎类公告,,,127024,盈峰转债,2026-05-29,48a3a4abc3c7ffdd,,8,证券代码：000967 公告编号：2026-068号；2026年4月10日至2026年4月30日，公司股票已满足连续三十个交易日中至少有十五个交易日的收盘价不低于‘盈峰转债’当期转股价格的130%（即9.971元/股）；赎回价格为人民币101.129元/张（含息税）；2026年5月28日为赎回登记日；2026年5月28日为最后转股日；2026年5月29日为赎回日；2026年5月29日起停止转股；本次赎回完成后，‘盈峰转债’将在深圳证券交易所摘牌。,2026-05-28,,,,,,2026-05-23,2026-05-28,101.13,连续30个交易日收盘价不低于当期转股价格的130%,000967,盈峰环境科技集团股份有限公司,连续30个交易日收盘价不低于当期转股价格的130%
,主动下修,下修类公告,,,118020,芳源转债,,483ec5ad5bd2eae7,2026-01-23,Page 4,2026年4月13日至2026年4月24日，公司股票在连续30个交易日中已有10个交易日的收盘价低于当期转股价格的85%（即11.90元/股），预计触发转股价格向下修正条件。修正后的转股价格自2026年1月23日起生效。,,14.0,,18.63,,2026-01-23,2026-04-25,,,,688148,芳源股份,当公司股票在任意连续三十个交易日中至少有十五个交易日的收盘价低于当期转股价格的85%时
,,下修类公告,,,128124,科华转债,,441060bbe58b184d,,,截至2026年3月9日，上海科华生物工程股份有限公司（以下简称“公司”）股票已出现在任意连续20个交易日中至少有10个交易日的收盘价低于当期转股价的90%的情形。公司董事会决定本次不向下修正‘科华转债’转股价格，且自本次董事会审议通过之日起至‘科华转债’到期日（即2026年3月10日至2026年7月27日）内，如再次触发‘科华转债’转股价格向下修正条款，亦不提出向下修正方案。,,,,20.64,,,2026-03-10,,,,002022,上海科华生物工程股份有限公司,当公司股票在任意连续20个交易日中至少有10个交易日的收盘价低于当期转股价格的90%时
,,强赎类公告,,,149529,21申证Y1,2026-06-24,4920a8f287f9d0d3,,6,赎回登记日：2026年6月23日；赎回价格：人民币104.10元/张（含当期应计利息且当期利息含税）；摘牌日：2026年6月24日；2026年5月日,,,,,4.1,,2026-05-20,2026-06-23,104.1,于本期债券第5个和其后每个付息日，发行人有权按面值加应付利息（包括所有递延支付的利息及其孳息）赎回本期债券,,,
,,强赎类公告,,,118004,博瑞转债,2026-05-22,49f2ec0b5483ae87,,7,证券代码：688166 证券简称：博瑞医药 转债代码：118004 转债简称：博瑞转债；赎回登记日：2026年5月21日；赎回价格：100.9452元/张；最后转股日：2026年5月21日；摘牌日期：2026年5月22日；连续30个交易日收盘价格不低于当期转股价格的130％；2026年5月18日收盘价为175.848元/张；赎回价格为100.9452元/张,2026-05-21,,,,0.95,,2026-05-19,2026-05-21,100.95,连续30个交易日收盘价格不低于当期转股价格的130％,688166,博瑞医药,连续30个交易日收盘价格不低于当期转股价格的130％
,,强赎类公告,,,123126,瑞丰转债,,4a0bd96c7ce1749b,,1,2026年5月29日收市后，‘瑞丰转债’将停止转股，剩余‘瑞丰转债’将按照102.532元/张的价格被强制赎回。,2026-06-01,,,,2.53,,2026-05-27,2026-05-29,102.53,"在本次发行的可转换公司债券转股期内，当下述两种情形的任意一种出现时，公司董事会有权决定按照债券面值加当期应计利息的价格赎回全部或部分未转股的可转换公司债券：①在本次发行的可转换公司债券转股期内，如果公司股票在任何连续三十个交易日中至少有十五个交易日的收盘价格不低于当期转股价格的130%（含130%）；②当本次发行的可转换公司债券未转股余额不足3,000万元时。",300243,瑞丰高材,
,,强赎类公告,,,148437,23新化K1,,4a1e8d0295944175,,5,2025 7 25，根据公司实际情况及当前市场环境，公司决定放弃行使赎回选择权。,,,,,,,2025-07-25,,,,148437,新疆中泰化学股份有限公司,
,,强赎类公告,,,148418,23长开03,2025-08-11,4991ea9b38f7bba1,,1,1债券代码：148418.SZ 债券简称：23长开03,,,,,7.1,,,2025-08-08,107.1,,,,
0.71,主动下修,下修类公告,,,123065,宝莱转债,,4e3667ca0a37407a,2026-03-17,,2026年4月16日至2026年4月29日，公司股票已有10个交易日的收盘价格低于当期转股价格（23.80元/股）的90%；‘宝莱转债’的转股价格由23.97元/股向下修正为23.80元/股,,23.8,,23.97,,,2026-04-29,,,,300246,宝莱特,当公司股票在任意连续三十个交易日中至少有十五个交易日的收盘价低于当期转股价格的90%
,,强赎类公告,,,127024,盈峰转债,2026-05-29,4dc907576025e6c9,,Page 6,2026年5月29日为“盈峰转债”赎回日，公司将全额赎回截至赎回登记日（2026年5月28日）收市后在中登公司登记在册的“盈峰转债”。本次赎回完成后，“盈峰转债”将在深圳证券交易所摘牌。赎回价格为人民币101.129元/张（含息税）,2026-05-28,,,,,,2026-05-27,2026-05-28,101.13,在本次发行的可转换公司债券转股期内，如果公司股票连续30个交易日中至少有15个交易日的收盘价不低于当期转股价格的130%（含130%）,000967,盈峰环境科技集团股份有限公司,
,,下修类公告,,,110073,国投转债,,4ef5bd109a25ef20,,"1,2",截至2026年4月2日，国投资本股价已出现任意连续三十个交易日中至少有十五个交易日的收盘价低于当期转股价格的80%之情形，触及“国投转债”转股价格向下修正条款。当前转股价格为人民币9.42元/股,,,,9.42,,,2026-04-03,,,,600061,国投资本,连续30个交易日中有15个交易日收盘价低于转股价的80%
,,强赎类公告,,,113644,艾迪转债,,526ff7dfcabac4d0,,3,自2026年5月7日起至2026年5月20日，已有10个交易日的收盘价格不低于‘艾迪转债’当期转股价格18.65元/股的130%，即不低于24.25元/股。2026年5月21日,,,,,,,2026-05-21,,,当公司股票在任何连续三十个交易日中至少有十五个交易日的收盘价格不低于当期转股价格的130%（含130%）,603638,艾迪精密,
,,强赎类公告,,,149297,20万科 08,2025-11-13,51a6fab4b448d38f,,6,证券代码： 000002、299903、149297；赎回登记日 ：2025年11月12日；赎回价格 ：人民币 104.11元/张（含当期利息，且当期利息含税）；摘牌日: 2025年11月13日；二〇二五年九月二十四日,,,,,4.11,,2025-09-24,2025-11-12,104.11,发行人有权决定在本期债券存续期的第5年末行使 本期债券 赎回选择权,000002,万科 A,
15.0,被动调整,下修类公告,,,128134,鸿路转债,,5313d4a1fbb9f942,,3,自2025年12月1日起至2025年12月12日，公司股票已有10个交易日的收盘价格低于当期转股价格32.08元/股的85%，即27.27元/股的情形,,32.08,,32.44,,2025-12-01,2025-12-13,,,,002541,鸿路钢构,当公司股票在任意连续三十个交易日中至少有十五个交易日的收盘价低于当期转股价格的85%时
,,下修类公告,,,113059,福莱转债,,4e1a906f0cd0d010,,2,自2026年3月2日起至 2026年3月20日，福莱特玻璃集团股份有限公司（以下简称“公司”或“本公司” ）A股股票已满足连续 30个交易日中至少有 15个交易日的收盘价低于当期转股价格 90%（37.54元/股）的条件,,,,41.71,,2026-03-20,2026-03-21,,,,601865,福莱特,连续 30个交易日中至少有 15个交易日的收盘价低于当期转股价格 90%
,被动调整,下修类公告,,,127062,垒知转债,,531f02d39e972268,,,二〇二六年一月二十一日,,,,7.59,,,2026-01-21,,,,002398,垒知集团,当公司股票在任意连续三十个交易日中至少有十五个交易日的收盘价低于当期转股价格的85%时，公司董事会有权提出转股价格向下修正方案并提交公司股东大会表决
,,强赎类公告,,,149797,22新资01,2026-01-27,5329e98ad0c0948f,,7,2025 1226,,,,,5.4,,2025-12-26,2026-01-26,105.4,,,新疆金投资产管理股份有限公司,
0.225,主动下修,下修类公告,,,123220,易瑞转债,,5312cf479dffdb2d,2026-06-03,4,公司股票自2026年5月15日至2026年5月28日已有10个交易日的收盘价低于当期转股价格的85%，预计将触发‘易瑞转债’转股价格向下修正条件。公司将于2026年6月3日实施2025年度权益分派方案，实施完成后，‘易瑞转债’的转股价格将由8.87元/股调整为8.85元/股,2029-08-17,8.85,,8.87,,2026-06-03,2026-05-28,,,,300942,易瑞生物,当公司股票在任意连续三十个交易日中至少有十五个交易日的收盘价格低于当期转股价格的85%时，公司董事会有权提出转股价格向下修正方案并提交公司股东大会审议表决
,,下修类公告,,,123151,康医转债,,544b0c772e7fa8a6,,1,截至2026年4月17日，公司股票已出现任意连续三十个交易日中至少有十五个交易日的收盘价低于‘康医转债’当期转股价格的85%的情形，触发‘康医转债’转股价格向下修正条款。,,,,27.55,,,2026-04-17,,,,300869,康泰医学系统（秦皇岛）股份有限公司,连续30个交易日中有15个交易日收盘价低于转股价的85%
,,强赎类公告,,,123126,瑞丰转债,,541c09be302aa9b2,,6,山东瑞丰高分子材料股份有限公司董事会 2026年5月19日,2026-06-01,,,,2.53,,2026-05-19,2026-05-29,102.53,在本次发行的可转换公司债券转股期内，如果公司股票在任何连续三十个交易日中至少有十五个交易日的收盘价格不低于当期转股价格的130%（含130%）,300243,瑞丰高材,
,,强赎类公告,,,148099,22万科 07,,572c18df16a1c46d,,1,万科企业股份有限公司关于行使 “22万科 07”公司债券 赎回选择权的公告 二〇二五年 九月二十五日,,,,,,,2025-09-25,,,发行人将于本期债券第3个计息年度付息日前的第20个交易日，在指定的信息披露媒体上发布关于是否行使赎回选择权的公告。若决定行使赎回权利，本期债券将被视为第3年全部到期,000002,万科企业股份有限公司,
,,强赎类公告,,,148437,23新化K1,,53f37a59c2925596,,5,2025 7 25,,,,,,,2025-07-25,,,,600795,新疆中泰化学股份有限公司,
,,强赎类公告,,,127090,兴瑞转债,2026-06-24,5614adf2128b3dcc,,5,2026年6月24日为赎回款到达‘兴瑞转债’持有人资金账户日,2026-06-16,,,,,,2026-05-22,2026-06-15,100.72,连续三十个交易日收盘价格不低于转股价的130%,002937,兴瑞科技,连续三十个交易日中至少有十五个交易日的收盘价格不低于当期转股价格的130%（即33.15元/股）
,,强赎类公告,,,113686,泰瑞转债,,5788ec58612350cf,,Page 3,泰瑞机器股份有限公司董事会2026年5月20日,,,,,,,2026-05-20,,,连续三十个交易日中至少有十五个交易日的收盘价格不低于当期转股价格的130%（含130%）,603289,泰瑞机器,连续三十个交易日中至少有十五个交易日的收盘价格不低于当期转股价格的130%（含130%）
,,下修类公告,,,118015,芯海转债,,58170d7a817f8644,,1,证券代码：688595，证券简称：芯海科技；债券代码：118015，债券简称：芯海转债；转股价格：55.22元/股；芯海科技（深圳）股份有限公司股票自2026年5月9日至2026年5月22日已有10个交易日的收盘价低于当期转股价的85%（即46.94元/股）,,,,55.22,,,2026-05-23,,,,688595,芯海科技,当公司股票在任意连续三十个交易日中至少有十五个交易日的收盘价低于当期转股价格的85%时，公司董事会有权提出转股价格向下修正方案并提交公司股东会表决
,被动调整,下修类公告,,,127080,声迅转债,,5457246f6cd26fcf,,1,自2025年11月21日至2025年12月4日，北京声迅电子股份有限公司股票已有十个交易日的收盘价低于当期转股价格的85%（即24.60元/股）,,,,28.94,,,2025-12-04,,,,003004,ST声迅,当公司股票在任意连续三十个交易日中至少有十五个交易日的收盘价低于当期转股价格的85%
,,强赎类公告,,,123126,瑞丰转债,2026-06-01,5a5408cb5d0cf8d8,,,截至2026年5月29日收市后仍未转股的‘瑞丰转债’将被强制赎回，赎回价格为102.532元/张；2026年6月1日为‘瑞丰转债’赎回日，赎回完成后将在深交所摘牌；‘瑞丰转债’最后交易日为2026年5月26日，最后转股日为2026年5月29日，停止转股日为2026年6月1日，赎回价格为102.532元/张,2026-06-01,,,,,,2026-05-22,2026-05-29,102.53,,300243,瑞丰高材,"在本次发行的可转换公司债券转股期内，当下述两种情形的任意一种出现时，公司董事会有权决定按照债券面值加当期应计利息的价格赎回全部或部分未转股的可转换公司债券：①在本次发行的可转换公司债券转股期内，如果公司股票在任何连续三十个交易日中至少有十五个交易日的收盘价格不低于当期转股价格的130%（含130%）；②当本次发行的可转换公司债券未转股余额不足3,000万元时"
5.0,主动下修,下修类公告,,,128108,蓝帆转债,,5a1cc883b6b09f48,2025-12-16,6,2025年12月16日至2025年12月29日，公司股票已有10个交易日的收盘价低于当期转股价格9.50元/股的85%，即8.075元/股的情形,,9.5,,10.0,,2025-12-15,2025-12-30,,,,002382,蓝帆医疗,当公司股票在任意连续三十个交易日中至少十五个交易日的收盘价格低于当期转股价格85%时
25.08,被动调整,下修类公告,,,110081,闻泰转债,,59f84b5f08e5529d,2026-04-10,2,自2026年4月10日至2026年5月26日，公司股票在任意连续三十个交易日中已有十五个交易日的收盘价低于当期转股价格即32.66元/股的85%，已触发‘闻泰转债’转股价格的向下修正条款。因向下修正转股价格，自2026年4月10日起，‘闻泰转债’的转股价格由43.60元/股调整为32.66元/股,,32.66,,43.6,,,2026-05-27,,,,600745,*ST闻泰,连续30个交易日中有15个交易日收盘价低于转股价的85%
,,强赎类公告,,,111010,立昂转债,,5ad7692b9c62b2a1,,Page 3,自2026年5月7日至2026年5月20日，公司股票已有10个交易日的收盘价不低于‘立昂转债’当期转股价格的130%（即不低于43.67元/股）。若未来连续20个交易日内，仍有5个交易日公司股票的收盘价格不低于当期转股价格的130%（含130%），将触发《募集说明书》中规定的有条件赎回条款。,2028-11-13,,,,,,2026-05-21,,,连续三十个交易日中至少有十五个交易日的收盘价格不低于当期转股价格的130%（含130%）,605358,立昂微,
,,强赎类公告,,,127066,科利转债,,5ab3da5abd5903a7,,"Page 1, Page 2, Page 5, Page 6",证券代码：002850 证券简称：科达利 公告编号：2026-032；自2026年4月16日至2026年5月18日，公司股票已有十五个交易日的收盘价不低于‘科利转债’当期转股价格的130%（即193.31元/股）；‘科利转债’赎回价格为101.405元/张（含息税）；赎回登记日：2026年6月12日；停止转股日：2026年6月15日；每张债券赎回价格=债券面值+当期应计利息=100+1.405=101.405元/张,2026-06-15,,,,1.41,,2026-05-22,2026-06-12,101.41,连续30个交易日收盘价不低于转股价的130%（即193.31元/股）,002850,科达利,
,,强赎类公告,,,123198,金埔转债,,689bf27a58bf1a0a,,,公司股票价格自2026年5月11日至2026年5月22日已有10个交易日的收盘价不低于“金埔转债”当期转股价格（即7.55元/股）的130%（即9.82元/股）,2029-06-07,,,,,,2026-05-22,,,连续30个交易日收盘价不低于当期转股价格的130%（含130%）,301098,金埔园林,
,主动下修,下修类公告,,,118018,瑞科转债,,6888fe19d4b3c8db,,3,深圳瑞华泰薄膜科技股份有限公司董事会2026年3月17日,,,,30.91,,,2026-03-17,,,,688323,深圳瑞华泰薄膜科技股份有限公司,当公司股票在任意连续三十个交易日中至少有十五个交易日的收盘价低于当期转股价格的85%时
17.55,主动下修,下修类公告,,,123157,科蓝转债,,683fcc08e2416297,2026-05-06,1,截至2026年5月19日，北京科蓝软件系统股份有限公司(以下简称“公司”)股票已有10个交易日的收盘价格低于当期转股价格的85%(即11.22元/股)，可能触发“科蓝转债”转股价格的向下修正条款。若触发转股价格的向下修正条款，届时根据《募集说明书》中转股价格向下修正条款规定，公司董事会有权决定是否提出转股价格向下修正方案并提交公司股东会审议表决。,,13.2,,16.01,,,2026-05-19,,,,300663,科蓝软件,当公司股票在任意连续三十个交易日中至少有十五个交易日的收盘价格低于当期转股价格的85%时
17.55,被动调整,下修类公告,12.7,13.04,123157,科蓝转债,,69aa3d4e30ce85f4,2026-05-06,,"证券代码：300663 证券简称：科蓝软件 公告编号：2026-036
债券代码：123157 债券简称：科蓝转债
北京科蓝软件系统股份有限公司
关于向下修正“科蓝转债”转股价格的公告
...修正前转股价格：16.01元/股
...修正后转股价格：13.20元/股
...修正后的转股价格自2026年5月6日起生效",,13.2,,16.01,,2026-04-30,2026-04-30,,,,300663,科蓝软件,当公司股票在任意连续三十个交易日中至少有十五个交易日的收盘价格低于当期转股价格的85%时
,被动调整,下修类公告,,,123151,康医转债,,69d6e0be7be6ded6,,,证券代码：300869证券简称：康泰医学；债券代码：123151债券简称：康医转债；当前转股价格：人民币27.55元/股；自2026年3月27日至2026年4月10日，公司股票已有10个交易日的收盘价低于当期转股价格的85%；当公司股票在任意连续三十个交易日中至少有十五个交易日的收盘价格低于当期转股价格的85%时，公司董事会有权提出转股价格向下修正方案,,,,27.55,,,2026-04-10,,,,300869,康泰医学,连续30个交易日中有15个交易日收盘价低于转股价的85%
,,强赎类公告,,,123121,帝尔转债,,6a5a719aa7ea0117,,1,2026年6月2日为‘帝尔转债’最后一个转股日，当日收市前，持有‘帝尔转债’的投资者仍可进行转股。2026年6月2日收市后，未实施转股的‘帝尔转债’将停止转股，剩余‘帝尔转债’将按照102.068元/张（含息税）的价格被强制赎回。,2026-06-02,,因目前‘帝尔转债’二级市场价格与赎回价格存在较大差异，特提醒‘帝尔转债’持有人注意在期限内转股，如果投资者未及时转股，可能面临损失，敬请广大投资者注意风险。,,,,2026-06-01,2026-06-02,102.07,连续三十个交易日中至少十五个交易日的收盘价格不低于当期转股价格的130%（含130%）,300776,帝尔激光,
,被动调整,下修类公告,,,127049,希望转2,,6ec7aa835aeed3b4,,3,自2026年3月20日起至2026年4月2日，公司股票已有10个交易日的收盘价格低于当期转股价格10.59元/股的80%，即8.47元/股的情形。,,,,10.59,,,2026-04-03,,,,000876,新希望,当公司股票在任意连续三十个交易日中至少有十五个交易日的收盘价低于当期转股价格的80%
,,强赎类公告,,,127066,科利转债,2026-06-15,68df1ab60fa0224c,,"Page 1, Page 6, Page 7",证券代码：002850 证券简称：科达利 公告编号：2026-036；2026年6月15日为‘科利转债’赎回日；可转债赎回价格：101.405元/张（含息税）；赎回登记日：2026年6月12日；最后转股日：2026年6月15日；公司实际控制人、控股股东、持股5%以上股份的股东、董事、高级管理人员在赎回条件满足前的6个月内不存在交易‘科利转债’的情形；‘科利转债’持有人办理转股事宜的，必须通过托管该债券的证券公司进行转股申报；当日买进的可转换公司债券当日可申请转股，可转换公司债券转股新增股份可于转股申报后次一个交易日上市流通；截至2026年6月12日收市后仍未转股的‘科利转债’将按照101.405元/张（含息税）的价格被强制赎回,2026-06-15,,,,1.41,,2026-05-26,2026-06-12,101.41,连续三十个交易日中至少有十五个交易日的收盘价格不低于当期转股价格的130%,002850,科达利,
,,强赎类公告,,,148300,23广资01,,6f1dad7f7c38e19e,,2,2026年5月24日（如遇法定节假日或休息日，则顺延至其后的第1个交易日）为“23广资01”第3个计息年度付息日,,,,,,,,,100.0,发行人有权决定在本期债券存续期的第3年末赎回本期债券全部或部分未偿份额,,,
31.95,主动下修,下修类公告,,,123144,裕兴转债,,7f769513dd37d3a7,2026-01-14,1,证券代码：300305 证券简称：裕兴股份 债券代码：123144 债券简称：裕兴转债 自2026年4月14日至2026年4月27日已有10个交易日的收盘价格低于当期转股价格的85%,,8.5,,12.49,,2026-01-13,2026-04-27,,,,300305,裕兴股份,当公司A股股票在任意连续三十个交易日中至少有十五个交易日的收盘价低于当期转股价格的85%时
,,下修类公告,,,127111,金威转债,,7d49fc9ac30e7bfa,,,截至2026年5月15日，厦门金达威集团股份有限公司（以下简称“公司”）股票已有十五个交易日的收盘价格低于当期转股价格19.59元/股的85%,,,,19.59,,2026-05-15,2026-05-15,,,,002626,金达威,当公司股票在任意连续三十个交易日中至少有十五个交易日的收盘价低于当期转股价格的85%时
,,强赎类公告,,,111013,新港转债,2026-06-02,7cad6400a317ce41,,5,浙江新中港热电股份有限公司董事会 2026年5月26日,2026-06-01,,,,0.35,,2026-05-26,2026-06-01,100.35,连续30个交易日收盘价不低于转股价的130%（含本数）,605162,浙江新中港热电股份有限公司,连续30个交易日收盘价不低于转股价的130%（含本数）
,,强赎类公告,,,148099,22万科 07,,81fe41f4a462836c,,1,万科企业股份有限公司关于行使 “22万科 07”公司债券 赎回选择权的公告 二〇二五年 九月二十五日,,,,,,,2025-09-25,,,发行人将于本期债券第3个计息年度付息日前的第20个交易日，在指定的信息披露媒体上发布关于是否行使赎回选择权的公告。若决定行使赎回权利，本期债券将被视为第3年全部到期,000002,万科企业股份有限公司,
25.5,主动下修,下修类公告,,,118020,芳源转债,,82a33f15dc773322,2026-01-23,Page 1,2026年1月23日至2026年2月5日，公司股票在连续30个交易日中已有10个交易日的收盘价低于当期转股价格的85%（即11.90元/股）,,14.0,,18.63,,2026-01-23,2026-02-06,,,,688148,芳源股份,连续30个交易日中有15个交易日收盘价低于转股价的85%
0.975,被动调整,下修类公告,,,127093,章鼓转债,,823ddd8ec5651f7d,,1,自2026年4月8日起至2026年4月21日，公司股票已有十个交易日收盘价低于‘章鼓转债’当期转股价的85%，即8.6275元/股的情形,,10.15,,10.25,,,2026-04-22,,,,002598,ST章鼓,当公司股票在任意连续三十个交易日中至少有十五个交易日的收盘价低于当期转股价格的85%
,,下修类公告,,,128097,奥佳转债,,7f83f1d0babccc4c,,5,自2026年1月5日起至2026年1月16日，公司股票已有10个交易日的收盘价低于当期转股价格的85%，即7.95元/股的情形,,,,9.35,,,2026-01-16,,,,002614,奥佳华,当公司股票在任意连续三十个交易日中至少有十五个交易日的收盘价低于当期转股价格的85%时
1.11,被动调整,下修类公告,,,128134,鸿路转债,,82b2e7ba674d5cb1,,,证券代码:002541 证券简称:鸿路钢构 债券代码:128134 债券简称:鸿路转债 自2025年12月22日起至2026年1月6日，公司股票已有10个交易日的收盘价格低于当期转股价格32.08元/股的85%，即27.27元/股的情形。若后续公司股票收盘价格继续低于当期转股价格的85%，预计将有可能触发转股价格向下修正条件。,,32.08,,32.44,,,2026-01-07,,,,002541,鸿路钢构,当公司股票在任意连续三十个交易日中至少有十五个交易日的收盘价低于当期转股价格的85%时
,,强赎类公告,,,123243,严牌转债,,8564b52f5b073e73,,4,在转股期内，如果公司股票在连续三十个交易日中至少十五个交易日的收盘价格不低于当期转股价格的130%（含130%）,2030-07-09,,,,,,2026-05-19,,,在转股期内，如果公司股票在连续三十个交易日中至少十五个交易日的收盘价格不低于当期转股价格的130%（含130%）,301081,严牌股份,
,,强赎类公告,,,118004,博瑞转债,2026-05-22,86363f3c02abd095,,7,博瑞生物医药（苏州）股份有限公司董事会 2026年5月21日,2026-05-21,,,,,,2026-05-21,2026-05-21,100.95,转股期内，当下述两种情形的任意一种出现时，公司有权决定按照债券面值加当期应计利息的价格赎回全部或部分未转股的可转换公司债券：（1）在转股期内，如果公司股票在连续三十个交易日中至少十五个交易日的收盘价格不低于当期转股价格的130%（含130%）,688166,博瑞医药,
,被动调整,下修类公告,,,123192,科思转债,,873ea3ba4e788743,,5,自2025年12月22日至2026年1月6日，南京科思化学股份有限公司（以下简称“公司”）股票已有10个交易日的收盘价格低于‘科思转债’当期转股价格（17.39元/股）的85%（即14.78元/股）,,,,17.39,,,2026-01-06,,,,300856,科思股份,当公司股票在任意连续三十个交易日中至少有十五个交易日的收盘价格低于当期转股价格的85%时
,,强赎类公告,,,123121,帝尔转债,,8afd149caf064f57,,Page 1,证券代码：300776 证券简称：帝尔激光 公告编号：2026-053 债券代码：123121 债券简称：帝尔转债 可转债赎回日：2026年6月3日 可转债赎回价格：102.068元/张（含息税） 赎回登记日：2026年6月2日,2026-06-03,,,,2.07,,2026-05-19,2026-06-02,102.07,连续三十个交易日收盘价不低于转股价的130%,300776,帝尔激光,连续三十个交易日中至少十五个交易日的收盘价格不低于当期转股价格的130%（含130%）
,,强赎类公告,,,118033,华特转债,2026-06-10,896143262cebc9bc,,2,广东华特气体股份有限公司（以下简称“公司”）股票自2026年4月21日至2026年5月14日期间，满足连续三十个交易日中有十五个交易日的收盘价不低于当期转股价格82.75元/股的130%（即107.58元/股），已触发《募集说明书》中规定的有条件赎回条款。赎回价格为100.3329元/张。赎回价格=面值+当期应计利息=100+0.3329=100.3329元/张。自2026年6月10日起，本公司的“华特转债”将在上海证券交易所摘牌。,2026-06-09,,,,3.33,,2026-05-29,2026-06-09,100.33,连续三十个交易日中有十五个交易日的收盘价不低于当期转股价格的130%（即107.58元/股）,688268,华特气体,
,,强赎类公告,,,127026,超声转债,2026-06-15,8b3bad4da7db047b,,7,广东汕头超声电子股份有限公司董事会二O二六年五月二十六日,2026-06-15,,,,1.04,,2026-05-26,2026-06-12,101.04,自2026年4月20日至2026年5月22日，公司股票已有十五个交易日的收盘价不低于‘超声转债’当期转股价格的130%（含130%）,000823,超声电子,
,,下修类公告,,,113679,芯能转债,,8c59ea5cdd09e654,,4,自2026年4月3日至2026年5月11日期间，公司股票已有十五个交易日的收盘价格低于当期转股价（12.75元/股）的85%（即10.8375元/股），触发“芯能转债”的转股价格修正条款。自2026年5月12日起至2026年11月11日，如再次触发可转债转股价格向下修正条件，亦不提出向下修正方案。,,,,12.75,,,2026-05-12,,,,603105,浙江芯能光伏科技股份有限公司,连续30个交易日中有15个交易日收盘价低于转股价的85%
,主动下修,下修类公告,,,123104,卫宁转债,,8d9accbf4ff7258d,,1,"证券代码：300253证券简称：卫宁健康公告编号：2026-018
债券代码：123104债券简称：卫宁转债
卫宁健康科技集团股份有限公司关于预计触发卫宁转债转股价格向下修正条件的提示性公告
特别提示：
1、债券代码：123104债券简称：卫宁转债
2、转股价格：17.31元/股
3、转股期限：2021年9月22日至2027年3月15日
4、根据《卫宁健康科技集团股份有限公司向不特定对象发行可转换公司债券募集说明书》（以下简称“《募集说明书》”）中相关规定，在本次发行的可转换公司债券存续期间，当公司股票在任意连续三十个交易日中至少有十五个交易日的收盘价低于当期转股价格的85%时，公司董事会有权提出转股价格向下修正方案并提交公司股东会审议表决。
截至本公告披露日，公司股票在2026年2月11日至2026年3月4日已有10个交易日的收盘价低于当期转股价格17.31元/股的85%(即14.71元/股)，预计可能触发卫宁转债转股价格向下修正条件。",,,,17.31,,,2026-03-04,,,,300253,卫宁健康,当公司股票在任意连续三十个交易日中至少有十五个交易日的收盘价格低于当期转股价格的85%时，公司董事会有权提出转股价格向下修正方案并提交公司股东会审议表决。
,,强赎类公告,,,148097,22越控 04,2025-10-24,8e145a0b44fa4f77,,8,赎回价格：人民币 102.65元/张（含当期利息，且当期利息含税）,,,,,2.65,,2025-09-12,2025-10-23,102.65,发行人有权决定在本期债券存续期的第 3年末赎回本期债券全部或部分未偿份额,,广州越秀资本控股集团股份有限公司,
,,下修类公告,,,127049,希望转2,,8f09877146151532,,1,自2026年3月20日至2026年4月10日，公司股票已出现任意连续三十个交易日中至少有十五个交易日的收盘价低于当期转股价格的80%的情形，触发‘希望转2’转股价格向下修正条款。,,,,10.59,,,2026-04-11,,,,000876,新希望六和股份有限公司,连续30个交易日中有15个交易日收盘价低于当期转股价格的80%
,,强赎类公告,,,149975,22万科 05,2025-07-08,91677985324aa623,,6,二〇二五年六月二十三日；赎回价格 ：人民币 103.21元/张（含当期利息，且当期利息含税）,,,,,3.21,,2025-06-23,2025-07-07,103.21,发行人将于本期债券第 3个计息年度付息日前的第 20个交易日，在指定的信息披露媒体上发布关于是否行使赎回选择权的公告。若决定行使赎回权利，本期债券将被视为第 3年全部到期， 发行人将以票面面值加最后一期利息向投资者赎回全部本期债券。,000002,万科 A,
,,强赎类公告,,,123061,航新转债,,928143126cc465fb,,4,公司股票价格自2026年5月11日至2026年5月26日，公司股票已有10个交易日的收盘价不低于‘航新转债’当期转股价（14.82元/股）的130%（含130%，即19.27元/股）。,2026-07-21,,,,,,2026-05-26,,,连续30个交易日收盘价不低于当期转股价格的130%（含130%）,300424,航新科技,
,,强赎类公告,,,127024,盈峰转债,2026-05-29,8cfa70dcca47ac64,,7,盈峰环境科技集团股份有限公司董事会2026年5月19日,2026-05-28,,,,1.13,,2026-05-19,2026-05-28,101.13,连续30个交易日收盘价不低于当期转股价格的130%（含130%）,000967,盈峰环境科技集团股份有限公司,连续30个交易日收盘价不低于当期转股价格的130%（含130%）
13.81,主动下修,下修类公告,40.89,42.6,127069,小熊转债,,91acd4ac5d1a9b1f,2026-05-12,1,证券代码：002959 证券简称：小熊电器 公告编号：2026-052；债券代码：127069 债券简称：小熊转债；修正前转股价格：52.21元/股；修正后转股价格：45.00元/股；修正后转股价格生效日期：2026年5月12日。,,45.0,,52.21,,2026-05-11,2026-05-12,,,,002959,小熊电器,当公司股票在任意连续三十个交易日中至少有十五个交易日的收盘价格低于当期转股价格85%时
,被动调整,下修类公告,,,111001,山玻转债,,93515a2b43d47919,,6,山东玻纤集团股份有限公司董事会2026年3月25日,,,,11.18,,,2026-03-25,,,,605006,山东玻纤,连续30个交易日中有15个交易日收盘价低于转股价的85%
,,强赎类公告,,,123054,思特转债,,9565e8e111d841ee,,Page 6,北京思特奇信息技术股份有限公司董事会 2026年5月22日；2026年5月29日为‘思特转债’赎回日，公司将全额赎回截至赎回登记日（2026年5月28日）收市后在中国结算登记在册的‘思特转债’；赎回价格：102.90元/张（含息税）,2026-05-29,,,,2.9,,2026-05-22,2026-05-28,102.9,连续三十个交易日中有十五个交易日的收盘价格不低于当期转股价格的130%（含130%）,300608,北京思特奇信息技术股份有限公司,
15.0,被动调整,下修类公告,,,118061,茂莱转债,,977422048f1817d8,,,证券代码：688502 证券简称：茂莱光学 公告编号：2026-015 转债代码：118061 转债简称：茂莱转债 转股价格：364.43元/股 2026年4月4日 已有10个交易日的收盘价低于当期转股价格的85%（即309.77元/股）,,,,364.43,,,2026-04-04,,,,688502,南京茂莱光学科技股份有限公司,连续30个交易日中有15个交易日收盘价低于转股价的85%
2.16,主动下修,下修类公告,,,127059,永东转2,,8faebe45e93a52ac,,,自2026年4月3日至2026年4月17日，公司股票已有5个交易日的收盘价格低于当期转股价格的90%，即7.344元/股的情形,,8.16,,8.34,,,2026-04-17,,,,002753,永东股份,在本次发行的可转债存续期间，当公司股票在任意连续二十个交易日中至少有十个交易日的收盘价低于当期转股价格的90%时，公司董事会有权提出转股价格向下修正方案并提交公司股东大会审议表决
,,下修类公告,,,123138,丝路转债,,97e338f5eaa324c1,,3,截至2026年4月24日，公司股票（SZ.300556）已出现连续三十个交易日中至少有十五个交易日的收盘价格低于当期转股价格的85%的情形，触发丝路转债转股价格的向下修正条件。截至本公告披露日，丝路转债的转股价格为26.53元/股,,,,26.53,,,2026-04-25,,,,300556,丝路视觉,连续三十个交易日中至少有十五个交易日的收盘价格低于当期转股价格的85%
,主动下修,下修类公告,,,127098,欧晶转债,,996921a3ad0028f8,2024-10-14,,自2026年1月5日至2026年1月16日，公司股票已有十个交易日的收盘价格低于当期转股价格42.00元/股的85%,,42.0,,44.71,,,2026-01-16,,,,001269,欧晶科技,当公司股票在任意连续三十个交易日中至少有十五个交易日的收盘价低于当期转股价格的85%
,,下修类公告,,,123179,立高转债,,99b22ce084405367,,Page 1,证券代码：300973 证券简称：立高食品 债券代码：123179 债券简称：立高转债 转股价格：人民币95.13元/股,,,,95.13,,2026-04-14,2026-04-27,,,,300973,立高食品,连续30个交易日中有15个交易日收盘价低于转股价的85%
,被动调整,下修类公告,,,127085,韵达转债,,9afdd9075e780b41,,3,2025年12月6日-2025年12月19日，公司股票已有十个交易日收盘价低于“韵达转债”当期转股价的85%，即9.97元/股的情形,,,,11.73,,,2025-12-20,,,,002120,韵达股份,当公司股票在任意连续三十个交易日中至少十五个交易日的收盘价低于当期转股价格85.00%时
,被动调整,下修类公告,,,127080,声迅转债,,944e58b0ba6141c9,,,自2025年12月12日至2025年12月25日，公司股票已有十个交易日的收盘价低于当期转股价格的85%（即24.60元/股）,,,,28.94,,,2025-12-25,,,,003004,*ST声迅,当公司股票在任意连续三十个交易日中至少有十五个交易日的收盘价低于当期转股价格的85%时
,,强赎类公告,,,127024,盈峰转债,,9b2786a2a24bb705,,"1,6",最后转股日：2026年5月28日，赎回价格为人民币101.129元/张（含息税），赎回登记日：2026年5月28日，连续30个交易日收盘价不低于当期转股价格的130%（即9.971元/股）,2026-05-28,,,,1.13,,2026-05-26,2026-05-28,101.13,连续30个交易日收盘价不低于当期转股价格的130%,000967,盈峰环境科技集团股份有限公司,
,,强赎类公告,,,149975,22万科 05,2025-07-08,9b37d6e54de9cea5,,6,二〇二五年六月十日；赎回价格：人民币 103.21元/张（含当期利息，且当期利息含税）,,,,,3.21,,2025-06-10,2025-07-07,103.21,发行人将于本期债券第3个计息年度付息日前的第20个交易日，在指定的信息披露媒体上发布关于是否行使赎回选择权的公告。若决定行使赎回权利，本期债券将被视为第3年全部到期，发行人将以票面面值加最后一期利息向投资者赎回全部本期债券,000002,万科企业股份有限公司,
,,下修类公告,,,127062,垒知转债,,a3d746260afdc04e,,Page 6,自2026年1月28日至2026年2月10日，公司股票在连续30个交易日中有10个交易日的收盘价低于当期转股价格7.59元/股的85%，即6.45元/股的情形,,,,7.59,,,2026-02-11,,,,002398,垒知集团,当公司股票在任意连续三十个交易日中至少有十五个交易日的收盘价低于当期转股价格的85%时
,,强赎类公告,,,149358,21万科02,,a4ad0a4f1aed511e,,4,万科企业股份有限公司（以下简称“公司”）于2021年1月22日完成“21万科02”发行，2026年1月22日为“21万科02”第5个计息年度付息日。公司决定放弃行使“21万科02”发行人赎回选择权。二〇二五年十二月五日,,,,,,,2025-12-05,,,,000002,万科A,
,,下修类公告,,,123117,健帆转债,,a4cc2809a81926ef,,1,自2026年4月15日至2026年4月28日，公司股票已有十个交易日低于当期转股价格的85%。截至目前‘健帆转债’最新有效的转股价格为38.65元/股,,,,38.65,,,2026-04-28,,,,300529,健帆生物,连续30个交易日中有15个交易日收盘价低于转股价的85%
,主动下修,下修类公告,,,127056,中特转债,,a5b9a09db1034483,,5,自2026年4月20日至2026年5月13日，公司股票已有15个交易日的收盘价低于当期转股价格的80%。中信泰富特钢集团股份有限公司董事会2026年5月14日,,,,22.23,,,2026-05-14,,,,000708,中信特钢,当公司股票在任意连续三十个交易日中至少有十五个交易日的收盘价格低于当期转股价格的80%时，公司董事会会有权提出转股价格向下修正方案
1.25,被动调整,下修类公告,,,123262,神宇转债,,a7332c556818b526,2026-01-20,3,自2026年3月19日至2026年4月1日，公司股票已有10个交易日的收盘价低于当期转股价格的85%，即低于33.00元/股；转股价格由39.31元/股调整为38.82元/股,,38.82,,39.31,,2026-01-20,2026-04-01,,,,300563,神宇股份,当公司股票在任意连续三十个交易日中至少有十五个交易日的收盘价低于当期转股价格的85%时，公司董事会有权提出转股价格向下修正方案并提交公司股东会审议表决
,,强赎类公告,,,22万科05,22万科05,,a5f021d933c7c8ae,,2,万科企业股份有限公司关于行使 ‘22万科 05’公司债券 赎回选择权的公告 证券代码： 000002、299903、149975 证券简称：万科 A、万科 H代、 22万科 05 二〇二五年 六月十日,,,,,,,2025-06-10,,,发行人将于本期债券第 3个计息年度付息日前的第 20个交易日，在指定的 信息披露媒体上发布关于是否行使赎回选择权的公告。,000002,万科 A,
,被动调整,下修类公告,,,127102,浙建转债,,a7558a1a5ce52328,,,自2025年10月23日至2025年12月3日，公司股票已有连续10个交易日的收盘价低于当期转股价10.91元/股的85%,,,,10.91,,,2025-12-03,,,,002761,浙江建投,当公司股票在任意连续三十个交易日中至少十五个交易日的收盘价低于当期转股价格的85%时，公司董事会有权提出转股价格向下修正方案并提交公司股东大会表决
,被动调整,下修类公告,,,127111,金威转债,,bae06a3ea9c073b6,,1,自2026年4月21日至2026年5月7日，厦门金达威集团股份有限公司（以下简称“公司”）股票已有10个交易日的收盘价低于当期转股价格的85%，即低于16.65元/股,,,,19.59,,,2026-05-08,,,,002626,金达威,当公司股票在任意连续三十个交易日中至少有十五个交易日的收盘价低于当期转股价格的85%时
,被动调整,下修类公告,,,127025,冀东转债,,bbc48741d7d54ba2,,,自2026年1月1日起至2026年1月16日，公司股票已有10个交易日的收盘价格低于当期转股价格13.01元/股的85%，即11.0585元/股的情形,,,,13.01,,,2026-01-17,,,,000401,金隅冀东,连续30个交易日中有15个交易日收盘价低于转股价的85%
,,强赎类公告,,,123121,帝尔转债,2026-06-10,bac11fb39a354ef6,,1,证券代码：300776 证券简称：帝尔激光 公告编号：2026-057 债券代码：123121 债券简称：帝尔转债 可转债赎回价格：102.068元/张（含息税） 赎回款到达资金账户日：2026年6月10日,2026-06-03,,,,2.07,,2026-05-22,2026-06-02,102.07,连续三十个交易日中至少十五个交易日的收盘价格不低于当期转股价格的130%（含130%）,300776,帝尔激光,
,,下修类公告,,,127038,国微转债,,c06dae0e08ec9a2a,,1,自2026年2月24日至2026年3月16日，紫光国芯微电子股份有限公司（以下简称“公司”）股票已经出现在连续三十个交易日中至少有十五个交易日的收盘价格低于当期转股价格的85%的情形，触发“国微转债”转股价格向下修正条件。,,,,97.3,,,2026-03-16,,,,002049,紫光国微,连续三十个交易日中有十五个交易日的收盘价格低于当期转股价格的85%
1.17,被动调整,下修类公告,,,127031,洋丰转债,,bd4e29e4d2c4aab0,2026-05-28,1,2026年5月18日至2026年5月29日，公司股票已有10个交易日的收盘价格低于当期转股价格的85%,,16.89,,17.09,,2026-05-28,2026-05-29,,,,000902,新洋丰,当公司股票在任意连续30个交易日中至少有15个交易日的收盘价低于当期转股价格的85%时
,,强赎类公告,,,111005,富春转债,2026-05-29,be8cad108806640e,,Page 1,证券代码：605189 证券简称：富春染织 公告编号：2026-036 转债代码：111005 转债简称：富春转债 赎回登记日：2026年5月28日 赎回价格：101.3973元/张 最后转股日：2026年5月28日 本次提前赎回完成后，富春转债将自2026年5月29日起在上海证券交易所摘牌。,2026-05-28,,,,1.4,,2026-05-27,2026-05-28,101.3973,连续三十个交易日收盘价不低于转股价的130%（含130%）,605189,富春染织,连续三十个交易日中至少有十五个交易日的收盘价格不低于当期转股价格的130%（即15.574元/股）
,主动下修,下修类公告,,,123179,立高转债,,c18e1322abb29a70,,4,立高食品股份有限公司董事会2026年5月7日召开第三届董事会第二十四次会议，审议通过了《关于不向下修正“立高转债”转股价格的议案》,,,,95.13,,,2026-05-07,,,,300973,立高食品,连续30个交易日中有15个交易日收盘价低于转股价的85%
,,强赎类公告,,,148064,22越控 02,2025-09-16,c5082b0e661f3a70,,1,2025年8月5日，广州越秀资本控股集团股份有限公司（以下简称“越秀资本”“公司”）发布了《广州越秀资本控股集团股份有限公司关于行使“22越控02”发行人赎回选择权暨放弃行使发行人调整票面利率选择权的公告》，本公告为上述事项的提示性公告。赎回价格：人民币102.67元/张（含当期利息，且当期利息含税）,,,,,2.67,,2025-08-05,2025-09-15,102.67,发行人有权决定在本期债券品种一存续期的第3年末赎回本期债券品种一全部或部分未偿份额,600415,广州越秀资本控股集团股份有限公司,
,,强赎类公告,,,127066,科利转债,,c5d4678f225382df,2026-06-15,Page 7,深圳市科达利实业股份有限公司董事会2026年5月21日；自2026年4月16日至2026年5月18日，公司股票已有十五个交易日的收盘价不低于‘科利转债’当期转股价格的130%（即193.31元/股）；‘科利转债’赎回价格为101.405元/张（含息税）,2026-06-15,,,,1.41,,2026-05-21,2026-06-12,101.41,在本次发行的可转债转股期内，如果公司股票在任意连续三十个交易日中至少有十五个交易日的收盘价格不低于当期转股价格的130%（含130%）,002850,科达利,
,,下修类公告,,,118066,统联转债,,c8fa642cb800f224,,Page 1,证券代码：688210 证券简称：统联精密 公告编号：2026-015 债券代码：118066 债券简称：统联转债 公司于2026年4月10日召开第二届董事会第二十六次会议，审议通过了《关于不向下修正“统联转债”转股价格的议案》,,,,56.2,,2026-04-10,2026-04-11,,,,688210,深圳市泛海统联精密制造股份有限公司,连续30个交易日中有15个交易日收盘价低于转股价的85%
,,强赎类公告,,,123121,帝尔转债,2026-06-03,cdf614a9794f144b,,1,公告编号：2026-061；2026年5月28日为‘帝尔转债’最后一个交易日；2026年6月3日为‘帝尔转债’赎回日；赎回价格：102.068元/张（含息税）,2026-06-02,,,,2.07,,2026-05-28,2026-06-02,102.07,连续三十个交易日收盘价不低于当期转股价格的130%,300776,武汉帝尔激光科技股份有限公司,转股期内，当下述两种情形的任意一种出现时，公司有权决定按照债券面值加当期应计利息的价格赎回全部或部分未转股的可转换公司债券：（1）在转股期内，如果公司股票在连续三十个交易日中至少十五个交易日的收盘价格不低于当期转股价格的130%（含130%）
,,下修类公告,,,113701,祥和转债,,ce3804ed625a6ff8,,,自2026年3月17日至2026年4月7日期间，公司股票在任意连续三十个交易日中已有十五个交易日的收盘价低于当期转股价格的85%（即11.55元/股），已触发“祥和转债”转股价格的向下修正条款。,,,,13.59,,,2026-04-08,,,,603500,祥和实业,连续30个交易日中有15个交易日收盘价低于转股价的85%
,,强赎类公告,,,123118,惠城转债,,d13a960f701cf7de,,Page 1,自2026年5月6日至2026年5月19日，公司股票已有10个交易日的收盘价不低于‘惠城转债’当期转股价格（14.59元/股）的130%（含130%，即18.97元/股）,2027-07-06,,,,,,2026-05-19,,,连续30个交易日收盘价不低于当期转股价格的130%,300779,青岛惠城环保科技集团股份有限公司,在本次发行的可转债转股期内，如果公司股票在任何连续三十个交易日中至少有十五个交易日的收盘价格不低于当期转股价格的130%（含130%）
,,下修类公告,,,110073,国投转债,,ddefa419f921e61f,,1,2026年3月13日至2026年3月26日，国投资本股份有限公司（以下简称“公司”）股票已有十个交易日的收盘价低于当期转股价格的80%（7.54元/股）,,,,9.42,,,2026-03-27,,,,600061,国投资本,当公司股票在任意连续三十个交易日中至少有十五个交易日的收盘价低于当期转股价格的80%
,被动调整,下修类公告,,,123223,九典转02,,e2804f41ae582d70,,4,自2026年5月14日至2026年5月27日，湖南九典制药股份有限公司（以下简称“公司”）股票已有十个交易日的收盘价低于九典转02当期转股价格（14.95元/股）的85%（12.7075元/股）,,,,14.95,,,2026-05-27,,,,300705,九典制药,连续30个交易日中有15个交易日收盘价低于转股价的85%
,被动调整,下修类公告,,,123122,富瀚转债,,df38aa157fb374c0,,1,证券代码：300613 证券简称：富瀚微 公告编号：2026-033；自2026年4月24日至2026年5月12日，公司股票已有10个交易日的收盘价格低于当期转股价格的85%；转股价格：91.69元/股,,,,177.04,,,2026-05-12,,,,300613,富瀚微,当公司股票在任意连续三十个交易日中至少有十五个交易日的收盘价格低于当期转股价格的85%时，公司董事会有权提出转股价格向下修正方案
25.5,主动下修,下修类公告,11.7,11.94,123150,九强转债,,f42507a7ecf3e5c6,2026-04-28,7,公司2026年第一次临时股东会召开前二十个交易日公司股票交易均价为11.94元/股，前一个交易日公司股票交易均价为11.70元/股。本次修正后的转股价格应不低于前项规定的股东大会召开日前二十个交易日公司股票交易均价和前一交易日公司股票交易均价。根据《募集说明书》相关规定及公司2026年第一次临时股东会的授权，综合考虑市场环境、股价走势等多重因素后，为支持公司长期稳健发展，提高可转债的投资价值，进一步优化公司资本结构，充分保护债券持有人的利益，公司董事会决定将“九强转债”的转股价格由16.48元/股向下修正为12.30元/股，修正后的转股价格自2026年4月28日起生效。,,12.3,,16.48,,2026-04-27,2026-04-27,,,,300406,九强生物,连续三十个交易日中至少有十五个交易日的收盘价低于当期转股价格的85%（即14.01元/股）的情形
,,强赎类公告,,,111005,富春转债,2026-05-29,f562aaa60e92046d,,Page 5,芜湖富春染织股份有限公司董事会2026年5月28日,2026-05-28,,,,1.4,,2026-05-28,2026-05-28,101.4,连续三十个交易日收盘价不低于转股价的130%,605189,富春染织,
,,下修类公告,,,118067,上26转债,,60dd6f5d7a842203,,1,转股价格：32.60元/股；在本次发行的可转换公司债券存续期内，当公司股票在任意连续三十个交易日中至少十五个交易日的收盘价低于当期转股价格85%时，公司董事会有权提出转股价格向下修正方案,,,截至公告日，尚未触发下修条件，仅为提示性公告,32.6,,,2026-04-04,,,,688533,上声电子,在本次发行的可转换公司债券存续期内，当公司股票在任意连续三十个交易日中至少十五个交易日的收盘价低于当期转股价格85%时
,,强赎类公告,,,123160,泰福转债,,60ec7680640eb727,,,自2026年5月6日至2026年5月19日，公司股票已有10个交易日的收盘价格不低于“泰福转债”当期转股价格（19.77元/股）的130%（含130%，即25.70元/股），预计将有可能触发“泰福转债”的有条件赎回条款：“在转股期内，如果公司股票在连续30个交易日中至少15个交易日的收盘价格不低于当期转股价格的130%（含130%），公司有权决定按照债券面值加当期应计利息的价格赎回全部或部分未转股的可转换公司债券。”,,,,,,,2026-05-19,,,在转股期内，如果公司股票在连续30个交易日中至少15个交易日的收盘价格不低于当期转股价格的130%（含130%），公司有权决定按照债券面值加当期应计利息的价格赎回全部或部分未转股的可转换公司债券。,300992,泰福泵业,
,,强赎类公告,,,118011,银微转债,,613d871d50a513ea,,3,自2026年5月14日至2026年5月28日，公司股票在连续十一个交易日内已有十个交易日的收盘价不低于当期转股价格31.30元/股的130%（含130%），即40.69元/股。若在未来连续十九个交易日内，公司股票有五个交易日的收盘价不低于当期转股价格的130%（含130%），将触发“银微转债”有条件赎回条款,,,,,,,2026-05-29,,,在本次发行的可转换公司债券转股期内，如果公司股票连续三十个交易日中至少有十五个交易日的收盘价不低于当期转股价格的130%（含130%）,688689,银河微电,
,,强赎类公告,,,123121,帝尔转债,,6152e4bd359538d1,,,特别提示： 1.可转债赎回日：2026年6月3日 2.可转债赎回价格：102.068元/张（含息税） 3.可转债赎回资金到账日：2026年6月10日 4.可转债停止交易日：2026年5月29日 5.可转债停止转股日：2026年6月3日 6.可转债赎回条件满足日：2026年5月12日 7.可转债赎回登记日：2026年6月2日,2026-06-02,,,,,,2026-05-29,2026-06-02,102.068,在转股期内，如果公司股票在连续三十个交易日中至少十五个交易日的收盘价格不低于当期转股价格的130%（含130%）,300776,帝尔激光,
,,下修类公告,,,127069,小熊转债,,61ca69ef30ab2d7e,,,小熊电器股份有限公司关于“小熊转债”预计触发转股价格向下修正条件的提示性公告；转股价格：52.19元/股；在本次发行的可转换公司债券存续期间，当公司股票在任意连续三十个交易日中至少有十五个交易日的收盘价格低于当期转股价格85%时,,,,52.19,,,2025-12-06,,,,002959,小熊电器,在本次发行的可转换公司债券存续期间，当公司股票在任意连续三十个交易日中至少有十五个交易日的收盘价格低于当期转股价格85%时
,,下修类公告,,,127069,小熊转债,,61eaf159310af1aa,,,"证券简称： 小熊电器                                    证券代码： 002959
债券简称： 小熊转债                                    债券代码： 127069",,,,,,,,,,,002959,小熊电器,当公司股票在任意连续三十个交易日中至少有十五个交易日的收盘价格低于当期转股价格85%时
,,下修类公告,,,127062,垒知转债,,639bf3400e523257,,,自2026年5月6日至2026年5月19日，公司股票在连续30个交易日中已有10个交易日的收盘价低于当期转股价格7.59元/股的85%，即6.45元/股的情形，预计触发转股价格向下修正条件。,,,,,,,2026-05-20,,,,002398,垒知集团,连续三十个交易日中至少有十五个交易日的收盘价低于当期转股价格的85%
,,强赎类公告,,,123236,家联转债,,643fcca89ec01aaa,,1,可转债赎回价格：100.344元/张（债券面值加当期应计利息，当期年利率为0.80%，且当期利息含税），扣税后的赎回价格以中国证券登记结算有限责任公司深圳分公司（以下简称“中国结算”）核准的价格为准。2、可转债赎回条件满足日：2026年4月20日 3、可转债停止交易日：2026年5月25日 4、可转债停止转股日：2026年5月28日 5、可转债赎回登记日：2026年5月27日,2026-05-27,,,,,,2026-05-19,2026-05-27,100.344,自2026年3月30日至2026年4月20日，宁波家联科技股份有限公司（以下简称“公司”）股票已满足任意连续三十个交易日中至少有十五个交易日的收盘价格不低于当期转股价格的130%（19.93元/股），根据《宁波家联科技股份有限公司向不特定对象发行可转换公司债券募集说明书》（以下简称“《募集说明书》”）中有条件赎回条款的相关约定，已触发了“家联转债”的有条件赎回条款。,301193,家联科技,
,,强赎类公告,,,127080,声迅转债,,64948d875e692132,,1,自2026年5月8日至2026年5月22日，公司股票已有十个交易日的收盘价不低于当期转股价格的130%（即37.62元/股）。,,,,,,,2026-05-22,,,在转股期内，公司股票在任何连续三十个交易日中至少十五个交易日的收盘价格不低于当期转股价格的130%（含130%）,003004,声迅股份,
,,强赎类公告,,,149297,20万科08,2025-11-13,674fb16090d09343,,1,证券代码：000002、299903、149297 证券简称：万科A、万科H代、20万科08 重要提示：1．债券代码：149297。2．债券简称：20万科08。3．赎回登记日：2025年11月12日。4．赎回资金到账日：2025年11月13日。5．赎回价格：人民币104.11元/张（含当期利息，且当期利息含税）。6．债券赎回比例：100%。7．摘牌日: 2025年11月13日。,,,,,,,2025-10-13,2025-11-12,104.11,发行人有权决定在本期债券存续期的第5年末行使本期债券赎回选择权。,000002,万科A,
,,强赎类公告,,,118041,星球转债,2026-06-10,6792871c302a7ea5,,,赎回登记日：2026年6月9日 赎回价格：100.8603元/张 赎回款发放日：2026年6月10日 最后交易日：2026年6月4日 最后转股日：2026年6月9日 本次提前赎回完成后，“星球转债”将自2026年6月10日起在上海证券交易所摘牌。,2026-06-09,,,,,,2026-05-30,2026-06-09,100.8603,在转股期内，如果公司股票在任意连续三十个交易日中至少有十五个交易日的收盘价格不低于当期转股价格的130%（含130%）,688633,星球石墨,
,,下修类公告,,,128128,齐翔转2,,680338f6411faca6,,,根据《淄博齐翔腾达化工股份有限公司公开发行可转换公司债券募集说明书》...当公司股票在任意连续二十个交易日中至少有十个交易日的收盘价低于当期转股价格的90%时，公司董事会有权提出转股价格向下修正方案...自2025年11月27日至2025年12月9日，公司股票已有5个交易日的收盘价低于当期转股价格的90%...转股价格：5.37元/股,,,,,,,2025-12-10,,,,002408,齐翔腾达,在任意连续二十个交易日中至少有十个交易日的收盘价低于当期转股价格的90%
,,下修类公告,,,127050,麒麟转债,,698e96aa62a41811,,1,根据《青岛森麒麟轮胎股份有限公司公开发行可转换公司债券募集说明书》的相关规定，在本次发行的可转换公司债券存续期间，当公司股票在任意连续30个交易日中至少有15个交易日的收盘价低于当期转股价格的85%时，公司董事会有权提出转股价格向下修正方案并提交公司股东会审议表决。截至2026年5月22日，公司股票已有十个交易日的收盘价低于当期转股价格的85%，预计可能触发转股价格向下修正条件。,,,本次为提示性公告，尚未实施下修。,,,,2026-05-23,,,,002984,森麒麟,在本次发行的可转换公司债券存续期间，当公司股票在任意连续30个交易日中至少有15个交易日的收盘价低于当期转股价格的85%时，公司董事会有权提出转股价格向下修正方案并提交公司股东会审议表决。
,,强赎类公告,,,128141,旺能转债,,6b685c73fd6325ce,,1,重要内容提示：1、最后转股日：2026年5月19日 2026年5月19日为“旺能转债”最后一个转股日，当日收市前，持有“旺能转债”的投资者仍可进行转股；2026年5月19日收市后，仍未转股的“旺能转债”将停止转股，剩余可转债将按照100.844元/张（含息税）的价格强制赎回。...可转债赎回日：2026年5月20日 2、可转债赎回价格：100.844元/张（含息税）...可转债赎回登记日：2026年5月19日,2026-05-19,,,,,,2026-05-19,2026-05-19,100.84,自2026年3月12日至2026年4月23日，公司股票已满足连续三十个交易日中至少有十五个交易日的收盘价格不低于“旺能转债”当期转股价格（13.98元/股）的130%（即18.17元/股）。,002034,旺能环境,
,,强赎类公告,,,123236,家联转债,,6b750b76d943fa94,,,可转债赎回价格：100.344元/张（债券面值加当期应计利息，当期年利率为0.80%，且当期利息含税），扣税后的赎回价格以中国证券登记结算有限责任公司深圳分公司核准的价格为准。可转债赎回条件满足日：2026年4月20日。可转债停止交易日：2026年5月25日。可转债停止转股日：2026年5月28日。可转债赎回登记日：2026年5月27日。可转债赎回日：2026年5月28日。,2026-05-27,,,,,,2026-05-18,2026-05-27,100.34,连续三十个交易日中至少有十五个交易日的收盘价格不低于当期转股价格的130%（含130%）,301193,家联科技,
,,强赎类公告,,,149797,22新资01,2026-01-27,6da1d623c94b54b3,,1,赎回价格：人民币 105.40元/张（含当期利息，且当期利息含税） 。赎回登记日： 2026年1月26日。赎回资金到账日： 2026年1月27日。,,,,,,,2025-12-30,2026-01-26,105.4,,,,
,,下修类公告,,,123250,嘉益转债,,7003189081e7353b,,,自2026年5月6日至2026年5月19日，公司股票已有10个交易日的收盘价低于“嘉益转债”当期转股价格的85%（67.71元/股），存在触发《募集说明书》中规定的转股价格向下修正条款的可能性。,,,,79.66,,,2026-05-19,,,,301004,嘉益股份,在可转债存续期间，当公司股票在任意连续三十个交易日中至少十五个交易日收盘价格低于当期转股价格的85%
,,强赎类公告,,,118041,星球转债,2026-06-10,70876cf91b6c5ac8,,,赎回登记日：2026年6月9日；赎回价格：100.8603元/张；最后交易日：2026年6月4日；最后转股日：2026年6月9日；自2026年6月10日起在上海证券交易所摘牌。自2026年4月24日至2026年5月19日，公司股票已满足连续三十个交易日中有十五个交易日的收盘价格不低于当期转股价格23.14元/股的130%（即30.08元/股），已触发有条件赎回条款。,2026-06-09,,,,,,2026-05-29,2026-06-09,100.86,在转股期内，如果公司股票在任意连续三十个交易日中至少有十五个交易日的收盘价格不低于当期转股价格的130%（含130%）,688633,星球石墨,
,,下修类公告,,,127017,万青转债,,7108dd5c99b7236c,,1,转股价格：8.53元/股。根据《江西万年青水泥股份有限公司公开发行可转换公司债券募集说明书》的规定，在本次发行的可转换公司债券存续期间，当公司股票在任意连续三十个交易日中至少有十五个交易日的收盘价低于当期转股价格的80%时，公司董事会有权提出转股价格向下修正方案并提交公司股东大会表决。2026年1月22日至2026年2月4日，公司股票已有10个交易日的收盘价低于当期转股价格的80%，预计触发转股价格向下修正条件。,,,预计触发转股价格向下修正条件，尚未实施下修。,8.53,,,2026-02-04,,,,000789,万年青,在本次发行的可转换公司债券存续期间，当公司股票在任意连续三十个交易日中至少有十五个交易日的收盘价低于当期转股价格的80%时，公司董事会有权提出转股价格向下修正方案并提交公司股东大会表决。
,,强赎类公告,,,148093,22光控01,,715a7a1c14c233f2,,,公司决定放弃行使发行人调整票面利率选择权，并行使本期债券的发行人赎回选择权，对赎回登记日登记在册的“22光控01”进行全额赎回。,,,该债券为公司债，非可转债，部分可转债专属字段不适用。,,,,,,,发行人有权决定在本期债券存续期的第3年末赎回本期债券全部或部分未偿份额。,,,
,,强赎类公告,,,127066,科利转债,,739c640e26fd893f,,1,可转债赎回价格：101.405元/张（含当期应计利息，当期年利率为1.5%，且当期利息含税）。可转债赎回登记日：2026年6月12日。自2026年4月16日至2026年5月18日，公司股票已满足连续三十个交易日中至少有十五个交易日的收盘价格不低于“科利转债”当期转股价格的130%（即193.31元/股）。,2026-06-12,,,,,,2026-06-01,2026-06-12,101.405,自2026年4月16日至2026年5月18日，公司股票已满足连续三十个交易日中至少有十五个交易日的收盘价格不低于“科利转债”当期转股价格的130%（即193.31元/股）。,002850,科达利,
,,强赎类公告,,,123054,思特转债,,73fe08a00095ca35,,1,1、可转债赎回日：2026年5月29日 2、可转债赎回价格：102.90元/张（含息税） 3、可转债赎回资金到账日：2026年6月5日 4、可转债停止交易日：2026年5月26日 5、可转债停止转股日：2026年5月29日 6、可转债发行人资金到账日：2026年6月3日 7、可转债赎回条件触发日：2026年5月7日 8、可转债赎回登记日：2026年5月28日,2026-05-28,,,,,,2026-05-26,2026-05-28,102.9,在本次发行的可转换公司债券转股期内，如果公司股票连续三十个交易日中至少有十五个交易日的收盘价格不低于当期转股价格的130%（含130%）。,300608,思特奇,
,,下修类公告,,,113656,嘉诚转债,,74161d8ef7ed2df6,,,截至2026年4月17日收盘，广州市嘉诚国际物流股份有限公司（以下简称“公司”）股价已出现任意连续三十个交易日中至少有十五个交易日的收盘价低于当期转股价格的85%之情形，触及“嘉诚转债”转股价格向下修正条款。,,,,10.35,,,2026-04-21,,,,603535,嘉诚国际,连续三十个交易日中至少有十五个交易日的收盘价低于当期转股价格的85%
,,强赎类公告,,,118033,华特转债,2026-06-10,7472b9d5cf07a417,,1,赎回登记日：2026年6月9日 赎回价格：100.3329元/张 赎回款发放日：2026年6月10日 最后交易日：2026年6月4日 最后转股日：2026年6月9日 本次提前赎回完成后，“华特转债”将自2026年6月10日起在上海证券交易所摘牌。,2026-06-09,,,,,,2026-05-30,2026-06-09,100.3329,公司股票自2026年4月21日至2026年5月14日期间，满足连续三十个交易日中有十五个交易日的收盘价不低于公司“广东华特气体股份有限公司可转换公司债券”当期转股价格82.75元/股的130%（即107.58元/股）。,688268,华特气体,
,,强赎类公告,,,149297,20万科08,2025-11-13,74b41b351fc592c5,,1,赎回登记日：2025年11月12日。赎回资金到账日：2025年11月13日。赎回价格：人民币104.11元/张（含当期利息，且当期利息含税）。摘牌日: 2025年11月13日。,,,公司债券赎回，非可转债,,,,2025-10-13,2025-11-12,104.11,,000002,万科A,
,,强赎类公告,,,123054,思特转债,,76014e395eed6b69,,,可转债赎回价格：102.90元/张（含息税）；可转债赎回登记日：2026年5月28日；2026年4月3日至5月7日已满足连续三十个交易日中有十五个交易日的收盘价格不低于“思特转债”当期转股价格9.88元/股的130%（即12.844元/股）,2026-05-29,,,,,,2026-05-20,2026-05-28,102.9,在本次可转换公司债券转股期内，如果公司股票连续三十个交易日中至少有十五个交易日的收盘价格不低于当期转股价格的130%（含130%）,300608,思特奇,
,,强赎类公告,,,123121,帝尔转债,,76eb5461615d114c,,1,"1.可转债赎回日：2026年6月3日
2.可转债赎回价格：102.068元/张（含息税）
3.可转债赎回资金到账日：2026年6月10日
4.可转债停止交易日：2026年5月29日
5.可转债停止转股日：2026年6月3日
6.可转债赎回条件满足日：2026年5月12日
7.可转债赎回登记日：2026年6月2日",2026-06-02,,触发条件证据见Page 2,,,,2026-05-20,2026-06-02,102.068,在转股期内，如果公司股票在连续三十个交易日中至少十五个交易日的收盘价格不低于当期转股价格的130%（含130%）,300776,帝尔激光,
,,强赎类公告,,,149358,21万科02,,77ab128479394381,,1,万科企业股份有限公司关于放弃行使“21万科02”公司债券赎回选择权的公告,,,,,,,2025-12-05,,,,000002,万科A,
,,下修类公告,,,128119,龙大转债,,7814c2880916c38d,,1,自2026年4月17日至2026年4月23日，公司股票已有五个交易日的收盘价低于当期转股价格的90%（即3.78元/股），预计后续可能触发可转债转股价格向下修正条件。,,,,4.2,,,2026-04-23,,,,002726,龙大美食,在本次发行的可转换公司债券存续期间，当公司A股股票在任意连续二十个交易日中有十个交易日的收盘价低于当期转股价格的90%时
,,强赎类公告,,,149297,20万科08,2025-11-13,785617265a25e432,,2,赎回价格：人民币104.11元/张（含当期利息，且当期利息含税）。赎回登记日：2025年11月12日。摘牌日: 2025年11月13日。,,,,,,,2025-10-13,2025-11-12,104.11,,000002,万科A,
,,下修类公告,,,118065,艾为转债,,7a6ef475d625cdb6,,1,截至2026年4月15日，公司股票已出现连续三十个交易日中有十五个交易日的收盘价低于当期转股价格的85%（即67.86元/股）的情形，已触发“艾为转债”转股价格向下修正条款。公司董事会决定本次不向下修正“艾为转债”转股价格。,,,,79.83,,,2026-04-16,,,,688798,艾为电子,在任意连续三十个交易日中至少有十五个交易日的收盘价低于当期转股价格的85%
,,下修类公告,,,128119,龙大转债,,7af2480fef6d642a,,1,转股价格：人民币4.20元/股。在本次发行的可转债存续期间，当公司A股股票在任意连续二十个交易日中有十个交易日的收盘价低于当期转股价格的90%时，公司董事会有权提出可转债转股价格向下修正方案并提交公司股东大会审议表决。自2026年3月5日至2026年3月25日，公司股票已有五个交易日低于当期转股价格的90%（即3.78元/股），预计后续可能触发可转债转股价格向下修正条件。,,,本次为预计触发提示性公告，尚未实施下修,,,,2026-03-25,,,,002726,龙大美食,在本次发行的可转债存续期间，当公司A股股票在任意连续二十个交易日中有十个交易日的收盘价低于当期转股价格的90%时
,,强赎类公告,,,149297,20万科08,2025-11-13,7b0e438b11667bc3,,2,赎回价格：人民币104.11元/张（含当期利息，且当期利息含税）。赎回登记日：2025年11月12日。摘牌日: 2025年11月13日。,,,本公告为公司债券赎回选择权公告，非可转债强赎公告，部分字段不适用。,,,,2025-09-24,2025-11-12,104.11,发行人有权决定在本期债券存续期的第5年末行使本期债券赎回选择权。,000002,万科A,
,主动下修,下修类公告,14.91,14.1,123065,宝莱转债,,7b8ad5e3a4cd94c8,2026-03-17,,修正前转股价格：23.97元/股；修正后转股价格：23.80元/股；修正后转股价格生效日期：2026年3月17日,,23.8,,23.97,,2026-03-16,2026-03-16,,,,300246,宝莱特,当公司股票在任意连续三十个交易日中至少有十五个交易日的收盘价低于当期转股价格的90%时
,,下修类公告,,,128119,龙大转债,,7ba3fc82bd387daa,,,转股价格：人民币9.30元/股；在本次发行的可转换公司债券存续期间，当公司A股股票在任意连续二十个交易日中有十个交易日的收盘价低于当期转股价格的90%时，公司董事会有权提出可转债转股价格向下修正方案并提交公司股东大会审议表决。,,,预计触发可转债转股价格向下修正条件，尚未实际下修。,9.3,,,2025-12-05,,,,002726,龙大美食,在本次发行的可转换公司债券存续期间，当公司A股股票在任意连续二十个交易日中有十个交易日的收盘价低于当期转股价格的90%时
,,强赎类公告,,,111013,新港转债,2026-06-02,7bb436c060e127c6,,,赎回登记日：2026年6月1日；赎回价格：100.3534元/张；最后交易日：2026年5月27日；最后转股日：2026年6月1日；自2026年6月2日起摘牌；触发条件：在本次发行的可转换公司债券转股期内，如果公司A股股票连续30个交易日中至少有15个交易日的收盘价格不低于当期转股价格的130%（含本数）。,2026-06-01,,,,,,2026-05-19,2026-06-01,100.35,在本次发行的可转换公司债券转股期内，如果公司A股股票连续30个交易日中至少有15个交易日的收盘价格不低于当期转股价格的130%（含本数）,605162,新中港,
,,强赎类公告,,,149297,20万科08,,7c4daabf78db2767,,1,根据公司实际情况及当前的市场环境，公司决定行使“20万科08”赎回选择权，对赎回登记日登记在册的“20万科08”全部赎回。特此公告。万科企业股份有限公司董事会二〇二五年九月二十四日,,,本公告为公司债券赎回选择权公告，非可转债强赎公告，相关可转债字段不适用。,,,,2025-09-24,,,发行人将于本期债券第5个计息年度付息日前的第30个交易日，通过中国证监会指定的上市公司信息披露媒体发布关于是否行使赎回选择权的公告。若发行人决定行使赎回选择权，本期债券将被视为第5年全部到期，发行人将以票面面值加最后一期利息向投资者赎回全部本期债券。,000002,万科A,
,,强赎类公告,,,111013,新港转债,2026-06-02,bcea9795ccad59de,,1,赎回登记日：2026年6月1日 赎回价格：100.3534元/张 赎回款发放日：2026年6月2日 最后交易日：2026年5月27日 最后转股日：2026年6月1日 本次提前赎回完成后，“新港转债”将自2026年6月2日起在上海证券交易所摘牌。,2026-06-01,,,,,,2026-05-21,2026-06-01,100.3534,如果公司A股股票连续30个交易日中至少有15个交易日的收盘价格不低于当期转股价格的130%（含本数）,605162,新中港,
,,下修类公告,,,128135,洽洽转债,,bcf734eccdf90584,,,转股价格：人民币55.93元/股；自2026年1月28日至2026年2月25日，洽洽食品股份有限公司股票已有十五个交易日的收盘价低于当期转股价格的85%（即47.54元/股）的情形，已触发“洽洽转债”转股价格的向下修正条款；公司董事会决定不向下修正“洽洽转债”转股价格；自本次董事会审议通过后的首个交易日起的六个月内（即2026年2月26日至2026年8月25日期间），如再次触发“洽洽转债”转股价格向下修正条件，亦不提出向下修正方案。,,,公司决定不向下修正转股价格，并承诺自2026年2月26日至2026年8月25日期间不提出下修方案。,55.93,,,2026-02-26,,,,002557,洽洽食品,在本次发行的可转债存续期间，当公司股票在任意连续三十个交易日中至少有十五个交易日的收盘价低于当期转股价格的85%时
,,强赎类公告,,,123236,家联转债,,bd6a47c9fd9e7425,,,可转债最后转股日：2026年5月27日 2026年5月27日是“家联转债”最后一个转股日，当日收市前，持有“家联转债”的投资者仍可进行转股；2026年5月27日收市后，未实施转股的“家联转债”将停止转股，剩余“家联转债”将按照100.344元/张的价格被强制赎回。,2026-05-27,,,,,,2026-05-26,2026-05-27,100.34,如果公司股票连续三十个交易日中至少有十五个交易日的收盘价格不低于当期转股价格的130%（含130%）,301193,家联科技,
,,下修类公告,,,123071,天能转债,,c5396ffaffe7f241,,1,证券代码：300569 证券简称：天能重工 公告编号：2026-035 债券代码：123071 债券简称：天能转债 转股价格：6.70元/股,,,,,,,2026-05-25,,,,300569,天能重工,在本次发行的可转换公司债券存续期间，当公司股票在任意连续二十个交易日中至少有十个交易日的收盘价低于当期转股价格的90%时
,,下修类公告,,,113670,金23转债,,c6b9918802fdea5b,,"Page 1, Page 4",自2026年2月28日至2026年3月20日，金牌厨柜家居科技股份有限公司（以下简称“公司”）股票在连续30个交易日中已有15个交易日的收盘价低于当期转股价格的80%（30.11元/股），触发了“金23转债”转股价格向下修正条款。2026年3月21日,,,公司董事会决定不向下修正转股价格，且未来3个月内（2026年3月21日至2026年6月20日）若再次触发亦不下修。,37.64,,,2026-03-21,,,,603180,金牌家居,在本次发行的可转换公司债券存续期间，当公司股票在任意连续三十个交易日中至少有十五个交易日的收盘价低于当期转股价格的80%时
,,下修类公告,,,118022,锂科转债,,c716a994617c3491,,,转股价格：15.53元/股。自2026年2月13日至2026年3月6日，公司股票已有10个交易日的收盘价低于当期转股价格的85%（即13.20元/股），预计触发转股价格向下修正条件。,,,,15.53,,,2026-03-07,,,,688779,五矿新能,当公司A股股票在任意连续三十个交易日中至少有十五个交易日的收盘价低于当期转股价格的85%时
,主动下修,下修类公告,,,113652,伟22转债,,c8d152e3da10a27b,,,自2026年4月16日至2026年5月11日，公司股票已出现任意连续三十个交易日中至少有十五个交易日的收盘价低于当期转股价格的90%（即24.54元/股）的情形，已触发“伟22转债”的转股价格向下修正条件。最新转股价格为27.27元/股。,,,,27.27,,,2026-05-12,,,,603568,伟明环保,在本次发行的可转债存续期间，当公司股票在任意连续三十个交易日中至少十五个交易日的收盘价低于当期转股价格的90%时
,,下修类公告,,,113682,益丰转债,,c9399db5345aa847,,,本次触发转股价格修正条件的期间从2026年1月16日起算，截至2026年2月2日，公司股票已超过10个交易日的收盘价低于调整后的转股价格31.84元/股的85%（27.06元/股），若30个交易日内有15个交易日公司股票价格低于27.06元/股，将触发“益丰转债”的转股价格修正条件。,,,本次为预计触发提示性公告，尚未实施下修,31.84,,,2026-02-03,,,,603939,益丰药房,当公司股票在任意连续三十个交易日中至少有十五个交易日的收盘价格低于当期转股价格的85%时
,主动下修,下修类公告,,,123157,科蓝转债,,cc65869cfd0703c4,,1,截至2026年4月14日，北京科蓝软件系统股份有限公司股票已出现任意连续三十个交易日中至少有十五个交易日的收盘价格低于当期转股价格的85%的情形，触发“科蓝转债”转股价格向下修正条件。截至本公告披露日，公司可转债转股价格为16.01元/股。,,,,16.01,,,2026-04-14,,,,300663,科蓝软件,在本次可转债存续期间，当公司股票在任意连续三十个交易日中至少有十五个交易日的收盘价格低于当期转股价格的85%时
,,强赎类公告,,,111005,富春转债,2026-05-29,ceaafff3c6a4bac5,,1,赎回登记日：2026年5月28日 赎回价格：101.3973元/张 赎回款发放日：2026年5月29日 最后交易日：2026年5月25日 最后转股日：2026年5月28日 本次提前赎回完成后，富春转债将自2026年5月29日起在上海证券交易所摘牌。,2026-05-28,,,,,,2026-05-19,2026-05-28,101.3973,公司股票自2026年4月9日至2026年4月29日连续三十个交易日内有十五个交易日收盘价格高于（或不低于）“富春转债”当期转股价格11.98元/股的130%（即15.574元/股）,605189,富春染织,
,,强赎类公告,,,127066,科利转债,,cfa86339bb499f8b,,1,可转债赎回日：2026年6月15日；可转债赎回价格：101.405元/张（含当期应计利息，当期年利率为1.5%，且当期利息含税）；可转债赎回登记日：2026年6月12日,2026-06-12,,,,,,2026-05-25,2026-06-12,101.405,自2026年4月16日至2026年5月18日，公司股票已满足连续三十个交易日中至少有十五个交易日的收盘价格不低于“科利转债”当期转股价格的130%（即193.31元/股）,002850,科达利,
,,下修类公告,,,123065,宝莱转债,,d04be78f22eaf359,,,截至2026年5月11日，公司股票已出现任意连续三十个交易日中至少有十五个交易日的收盘价低于当期转股价格90%的情形。,,,公司董事会决定本次不向下修正“宝莱转债”转股价格，下一触发转股价格修正条件的期间自2026年5月11日后首个交易日起重新计算。,23.8,,,2026-05-11,,,,300246,宝莱特,任意连续三十个交易日中至少有十五个交易日的收盘价低于当期转股价格的90%
,,强赎类公告,,,123121,帝尔转债,2026-06-03,d130d838579a492e,,,可转债赎回价格：102.068元/张（含息税）；可转债赎回登记日：2026年6月2日；可转债最后转股日：2026年6月2日；可转债赎回日：2026年6月3日；自2026年4月17日至2026年5月12日，公司股票已满足在连续三十个交易日中至少十五个交易日的收盘价格不低于“帝尔转债”当期转股价格（73.56元/股）的130%。,2026-06-02,,,,,,2026-05-27,2026-06-02,102.068,在转股期内，如果公司股票在连续三十个交易日中至少十五个交易日的收盘价格不低于当期转股价格的130%（含130%）,300776,帝尔激光,
,,下修类公告,,,110076,华海转债,,d15e222a455a632e,,1,自2026年1月6日至2026年1月19日，公司股票在连续30个交易日中已有10个交易日的收盘价低于当期转股价格的80%，预计触发转股价格向下修正条件。,,,预计触发下修提示性公告，尚未实际下修,33.06,,,2026-01-19,,,,600521,华海药业,在任意三十个连续交易日中至少十五个交易日收盘价格低于当期转股价格的80%
,主动下修,下修类公告,,,123157,科蓝转债,,d253742c0a5a7ad8,,,截至2026年5月26日，公司股票已出现在任意连续三十个交易日中至少有十五个交易日的收盘价低于当期转股价格的85%（即11.22元/股）的情形，已经触发《募集说明书》中约定可转债转股价格向下修正的条件。截至本公告披露日，公司可转债转股价格为13.20元/股。,,,董事会提议向下修正，修正后转股价格待股东大会确定。,13.2,,,2026-05-26,,,,300663,科蓝软件,任意连续三十个交易日中至少有十五个交易日的收盘价格低于当期转股价格的85%
,,下修类公告,,,118027,宏图转债,,d2617ecba733016f,,,,,,预计触发下修提示性公告，尚未实际下修,,,,2026-04-04,,,,688066,航天宏图,在本次发行的可转换公司债券存续期间，当公司股票在任意连续三十个交易日中至少有十五个交易日的收盘价低于当期转股价格的85%时
,,下修类公告,,,127069,小熊转债,,d283af292365a71e,,1,证券代码：002959 证券简称：小熊电器 公告编号：2026-036 债券代码：127069 债券简称：小熊转债 小熊电器股份有限公司 关于“小熊转债”预计触发转股价格向下修正条件的提示性公告,,,本次为预计触发转股价格向下修正条件的提示性公告，尚未实际下修转股价格。,,,,2026-04-18,,,,002959,小熊电器,在本次发行的可转换公司债券存续期间，当公司股票在任意连续三十个交易日中至少有十五个交易日的收盘价格低于当期转股价格85%时，公司董事会有权提出转股价格向下修正方案并提交公司股东大会表决
,,强赎类公告,,,123121,帝尔转债,,d3420c0f826ab9b7,,1,可转债赎回日：2026年6月3日 2.可转债赎回价格：102.068元/张（含息税） 3.可转债赎回资金到账日：2026年6月10日 4.可转债停止交易日：2026年5月29日 5.可转债停止转股日：2026年6月3日 6.可转债赎回条件满足日：2026年5月12日 7.可转债赎回登记日：2026年6月2日,2026-06-02,,,,,,2026-05-21,2026-06-02,102.07,在转股期内，如果公司股票在连续三十个交易日中至少十五个交易日的收盘价格不低于当期转股价格的130%（含130%）,300776,帝尔激光,
,,强赎类公告,,,123236,家联转债,,d3d1fed5fb885ad3,,1,2026年5月27日是“家联转债”最后一个转股日，当日收市前，持有“家联转债”的投资者仍可进行转股；2026年5月27日收市后，未实施转股的“家联转债”将停止转股，剩余“家联转债”将按照100.344元/张的价格被强制赎回。,2026-05-27,,,,,,2026-05-27,2026-05-27,100.344,任意连续三十个交易日中至少有十五个交易日的收盘价格不低于当期转股价格的130%（19.93元/股）,301193,家联科技,
,,强赎类公告,,,118033,华特转债,2026-06-10,d511d61712d90244,,,公司股票自2026年4月21日至2026年5月14日期间，满足连续三十个交易日中有十五个交易日的收盘价不低于“华特转债”当期转股价格82.75元/股的130%（即107.58元/股）。赎回价格为100.3329元/张。赎回登记日：2026年6月9日。最后转股日：2026年6月9日。自2026年6月10日起，本公司的“华特转债”将在上海证券交易所摘牌。,2026-06-09,,,,,,2026-05-28,2026-06-09,100.3329,公司股票自2026年4月21日至2026年5月14日期间，满足连续三十个交易日中有十五个交易日的收盘价不低于“华特转债”当期转股价格82.75元/股的130%（即107.58元/股）,688268,华特气体,
,,强赎类公告,,,123253,永贵转债,,d52413b704094ccd,,,自2026年5月7日至2026年5月20日已有10个交易日的收盘价格不低于“永贵转债”当期转股价格（即18.23元/股）的130%（即23.70元/股），如后续公司股票收盘价格继续不低于当期转股价格的130%，预计将可能触发“永贵转债”有条件赎回条款。根据《募集说明书》的有条件赎回条款，在本次发行的可转债转股期内，如果公司股票连续三十个交易日中至少有十五个交易日的收盘价格不低于当期转股价格的130%（含130%），公司董事会有权决定按照债券面值加当期应计利息的价格赎回全部或部分未转股的可转债。,,,,,,,2026-05-20,,,在本次发行的可转债转股期内，如果公司股票连续三十个交易日中至少有十五个交易日的收盘价格不低于当期转股价格的130%（含130%）,300351,永贵电器,
,,强赎类公告,,,128137,洁美转债,,d678f088cfc2230e,,,转债赎回日：2026年06月23日；转债赎回价格：101.266元/张（含息税）。可转债赎回登记日：2026年6月22日。,2026-06-22,,提前赎回第一次提示性公告,,,,2026-06-01,2026-06-22,101.266,在本次发行的可转债转股期内，如果公司股票在任意连续30个交易日中至少有15个交易日的收盘价格不低于当期转股价格的130%（含）,002859,洁美科技,
,,强赎类公告,,,149358,21万科02,,d68a6add68e39951,,1,根据公司实际情况及当前的市场环境，公司决定放弃行使“21万科02”发行人赎回选择权。,,,该公告涉及的是公司债券“21万科02”的赎回选择权放弃，并非可转债，因此下修类和强赎类字段均不适用。,,,,2025-12-05,,,,000002,万科A,
,,强赎类公告,,,127026,超声转债,,d6e03b33c8728f5c,,,可转债赎回日：2026年6月15日；可转债赎回价格：101.04元/张（含息税）；可转债赎回登记日：2026年6月12日；可转债停止转股日：2026年6月15日；自2026年4月20日至2026年5月22日，公司股票已有十五个交易日的收盘价不低于“超声转债”当期转股价格的130%,2026-06-15,,,,,,2026-05-27,2026-06-12,101.04,自2026年4月20日至2026年5月22日，公司股票已有十五个交易日的收盘价不低于“超声转债”当期转股价格的130%,000823,超声电子,
,,下修类公告,,,128134,鸿路转债,,d70eef5dd996cdc5,,3,自2026年1月14日起至2026年1月27日，公司股票已有10个交易日的收盘价格低于当期转股价格32.08元/股的85%，即27.27元/股的情形。若后续公司股票收盘价格继续低于当期转股价的85%，预计将有可能触发转股价格向下修正条件。,,,,,,,2026-01-28,,,,002541,鸿路钢构,在本次发行的可转债存续期间，当公司股票在任意连续三十个交易日中至少有十五个交易日的收盘价低于当期转股价格的85%时
,,强赎类公告,,,127090,兴瑞转债,,d71b3b78dcf690f7,,,自2026年4月24日至2026年5月22日，公司股票已满足连续三十个交易日中至少有十五个交易日的收盘价格不低于“兴瑞转债”当期转股价格（25.50元/股）的130%（即33.15元/股）。...赎回价格为100.717元/张（含息税）...赎回登记日：2026年6月15日...停止转股日：2026年6月16日,2026-06-16,,,,,,2026-05-28,2026-06-15,100.717,在本次发行的可转债转股期内，如果公司股票在任意连续三十个交易日中至少有十五个交易日的收盘价格不低于当期转股价格的130%（含130%）,002937,兴瑞科技,
,,强赎类公告,,,127066,科利转债,,d7ad34332b356481,,,可转债赎回日：2026年6月15日；可转债赎回价格：101.405元/张（含当期应计利息，当期年利率为1.5%，且当期利息含税）；可转债赎回登记日：2026年6月12日；可转债停止转股日：2026年6月15日；自2026年4月16日至2026年5月18日，公司股票已满足连续三十个交易日中至少有十五个交易日的收盘价格不低于“科利转债”当期转股价格的130%（即193.31元/股）。,2026-06-12,,,,,,2026-05-29,2026-06-12,101.41,在本次发行的可转债转股期内，如果公司股票在任意连续三十个交易日中至少有十五个交易日的收盘价格不低于当期转股价格的130%（含130%）,002850,科达利,
,,强赎类公告,,,123126,瑞丰转债,,d7d70d9f245719a6,,1,2026年5月29日收市后，“瑞丰转债”将停止转股，剩余“瑞丰转债”将按照102.532元/张的价格被强制赎回。自2026年4月15日至2026年5月8日，公司股票已满足任何连续三十个交易日中至少有十五个交易日的收盘价不低于当期转股价格的130%（15.14元/股）,2026-05-29,,,,,,2026-05-26,2026-05-29,102.532,在本次发行的可转换公司债券转股期内，如果公司股票在任何连续三十个交易日中至少有十五个交易日的收盘价格不低于当期转股价格的130%（含130%）,300243,瑞丰高材,
,,强赎类公告,,,123236,家联转债,,d8ad6c7a622a8eca,,,可转债赎回价格：100.344元/张（债券面值加当期应计利息，当期年利率为0.80%，且当期利息含税）；可转债赎回条件满足日：2026年4月20日；可转债赎回登记日：2026年5月27日；可转债最后转股日：2026年5月27日；自2026年3月30日至2026年4月20日，公司股票已满足任意连续三十个交易日中至少有十五个交易日的收盘价格不低于当期转股价格的130%（19.93元/股）,2026-05-27,,,,,,2026-05-20,2026-05-27,100.34,连续三十个交易日中至少有十五个交易日的收盘价格不低于当期转股价格的130%,301193,家联科技,
,,强赎类公告,,,149358,21万科02,,d8e19785c2a82372,,1,万科企业股份有限公司关于放弃行使“21万科02”公司债券赎回选择权的公告,,,公司债券，非可转债,,,,2025-12-05,,,,000002,万科A,
,,强赎类公告,,,148330,23越产02,2026-06-26,d8ed87c733a74d35,,1,赎回价格：人民币103.10元/张（含当期利息，且当期利息含税）。赎回登记日：2026年6月25日。摘牌日：2026年6月26日。,,,,,,,,2026-06-25,103.1,,,,
,,下修类公告,,,113647,禾丰转债,,d9e3d7e091ecfe2c,,1,自2026年4月11日至2026年5月6日，公司股票在连续30个交易日中有15个交易日的收盘价低于当期转股价格（10.09元/股）的85%（即8.58元/股），已触发“禾丰转债”的转股价格向下修正条款。,,,本次董事会决定不向下修正转股价格，并在未来6个月内如再次触发亦不下修。,10.09,,,2026-05-07,,,,603609,禾丰股份,在任意连续三十个交易日中至少有十五个交易日的收盘价低于当期转股价格的85%
,,下修类公告,,,113660,寿22转债,,db4c27a7dd2d499d,,1,证券代码：603896 证券简称：寿仙谷 公告编号：2026-003 债券代码：113660 债券简称：寿22转债 转股价格：36.84元/股 自2026年3月16日至2026年3月27日期间，公司股票已连续十个交易日的收盘价格低于“寿22转债”当期转股价36.84元/股的85%（即31.31元/股），若在未来连续二十个交易日内，公司股票有五个交易日的收盘价低于当期转股价格的85%，将触发“寿22转债”的转股价格向下修正条款。,,,,36.84,,,2026-03-28,,,,603896,寿仙谷,在本次发行的可转换公司债券存续期间，当公司股票在任意连续三十个交易日中至少有十五个交易日的收盘价低于当期转股价格的85%时
,,下修类公告,,,113650,博22转债,,dc92be9ca754fd7c,,,公司股票自2026年5月5日至2026年5月19日已有十个交易日的收盘价低于当期转股价格的80%（即18.52元/股），存在触发《募集说明书》中规定的转股价格向下修正条件的可能性。,,,,23.15,,,2026-05-20,,,,603916,苏博特,在任意连续三十个交易日中至少有十五个交易日的收盘价低于当期转股价格的80%时
,,强赎类公告,,,111013,新港转债,2026-06-02,dcbc56daeebd889e,,,赎回登记日：2026年6月1日 赎回价格：100.3534元/张 赎回款发放日：2026年6月2日 最后交易日：2026年5月27日 最后转股日：2026年6月1日 本次提前赎回完成后，“新港转债”将自2026年6月2日起在上海证券交易所摘牌。,2026-06-01,,,,,,2026-05-20,2026-06-01,100.3534,在本次发行的可转换公司债券转股期内，如果公司A股股票连续30个交易日中至少有15个交易日的收盘价格不低于当期转股价格的130%（含本数）,605162,新中港,
,,强赎类公告,,,123126,瑞丰转债,,dcf36d61a4061f13,,,赎回价格：102.532元/张... 可转债赎回登记日：2026年5月29日... 可转债最后转股日：2026年5月29日... 自2026年4月15日至2026年5月8日，公司股票已满足任何连续三十个交易日中至少有十五个交易日的收盘价不低于当期转股价格的130%（15.14元/股）,2026-05-29,,,,,,2026-05-29,2026-05-29,102.53,在本次发行的可转换公司债券转股期内，如果公司股票在任何连续三十个交易日中至少有十五个交易日的收盘价格不低于当期转股价格的130%（含130%）,300243,瑞丰高材,
,,强赎类公告,,,111013,新港转债,2026-06-02,dd70e1887e284ab6,,1,赎回登记日：2026年6月1日 赎回价格：100.3534元/张 赎回款发放日：2026年6月2日 最后交易日：2026年5月27日 最后转股日：2026年6月1日 本次提前赎回完成后，“新港转债”将自2026年6月2日起在上海证券交易所摘牌。,2026-06-01,,,,,,2026-05-30,2026-06-01,100.3534,在本次发行的可转换公司债券转股期内，如果公司A股股票连续30个交易日中至少有15个交易日的收盘价格不低于当期转股价格的130%（含本数）,605162,新中港,
,主动下修,下修类公告,,,127093,章鼓转债,,ddc4a8fe208832cd,,3,截至2026年4月27日，公司股价已出现连续三十个交易日中至少有十五个交易日的收盘价低于当期转股价格85%的情形，已触发“章鼓转债”转股价格的向下修正条件。……如股东会召开时，上述任一指标高于本次调整前“章鼓转债”转股价格（10.15元/股），则“章鼓转债”转股价格无需调整。,,,,10.15,,,2026-04-28,,,,002598,ST章鼓,连续三十个交易日中至少有十五个交易日的收盘价低于当期转股价格的85%
,,下修类公告,,,127018,本钢转债,,defeb36ba429f894,,1,转股价格：3.29元/股。自2026年5月14日至2026年5月20日，公司股票已有5个交易日的收盘价低于当期转股价格的85%，预计可能触发转股价格向下修正条件。在本次发行的可转债存续期间，当公司A股股票在任意连续二十个交易日中至少有十个交易日的收盘价低于当期转股价格的85%时，公司董事会有权提出转股价格向下修正方案并提交公司股东会审议表决。,,,,,,,2026-05-21,,,,000761,本钢板材,在任意连续二十个交易日中至少有十个交易日的收盘价低于当期转股价格的85%
,,强赎类公告,,,127024,盈峰转债,,df129a9e3d22f0e5,,,自2026年4月10日至2026年4月30日期间，盈峰环境科技集团股份有限公司股票已满足任意连续三十个交易日中至少有十五个交易日的收盘价格不低于“盈峰转债”当期转股价格（7.67元/股）的130%（即9.971元/股）的情形。根据《募集说明书》中有条件赎回条款的相关规定，公司已触发“盈峰转债”的有条件赎回条款。赎回价格为人民币101.129元/张（含息税）。赎回登记日：2026年5月28日。最后转股日：2026年5月28日。,2026-05-28,,,,,,2026-05-28,2026-05-28,101.129,在本次发行的可转换公司债券转股期内，如果公司股票连续30个交易日中至少有15个交易日的收盘价格不低于当期转股价格的130%（含130%）。,000967,盈峰环境科技集团股份有限公司,
,,强赎类公告,,,148330,23越产02,2026-06-26,e0106132f8cf13a2,,"Page 1, Page 5",赎回价格：人民币103.10元/张（含当期利息，且当期利息含税）。赎回登记日：2026年6月25日。赎回资金到账日：2026年6月26日。摘牌日：2026年6月26日。,,,本公告为公司债赎回，非可转债强赎，无转股相关字段。,,,,,2026-06-25,103.1,,,,
,主动下修,下修类公告,,,118027,宏图转债,,e0b0e027ff9b0bc6,,,截至2026年3月2日，公司股票已出现在任意连续三十个交易日中至少有十五个交易日的收盘价低于当期转股价格的85%（即34.80元/股）的情形，已触发“宏图转债”转股价格的向下修正条款。同意将“宏图转债”转股价格由62.98元/股向下修正为40.94元/股。,,,,40.94,,,2026-03-03,,,,688066,航天宏图,连续三十个交易日中至少有十五个交易日的收盘价低于当期转股价格的85%
,,强赎类公告,,,123126,瑞丰转债,,e1700a1fc45f3b7c,,,赎回价格：102.532元/张（债券面值加当期应计利息，当期年利率为3.5%，且当期利息含税），扣税后的赎回价格以中国证券登记结算有限责任公司深圳分公司核准的价格为准。2、可转债赎回条件触发日：2026年5月8日 3、可转债停止交易日：2026年5月27日 4、可转债停止转股日：2026年6月1日 5、可转债赎回登记日：2026年5月29日,2026-05-29,,,,,,2026-05-20,2026-05-29,102.532,在本次发行的可转换公司债券转股期内，如果公司股票在任何连续三十个交易日中至少有十五个交易日的收盘价格不低于当期转股价格的130%（含130%）,300243,瑞丰高材,
,,下修类公告,,,123216,科顺转债,,e1cac5d30966bb20,,,2025年12月4日—2025年12月17日，公司股票已有十个交易日的收盘价低于“科顺转债”当期转股价格6.67元/股的85%，即5.67元/股的情形，预计触发转股价格向下修正条件。,,,预计触发下修条件，尚未正式下修,6.67,,,2025-12-17,,,,300737,科顺股份,在本次发行的可转换公司债券存续期间，当公司股票在任意连续三十个交易日中至少有十五个交易日的收盘价低于当期转股价格的85%时
,,强赎类公告,,,111005,富春转债,2026-05-29,e32a8dc309cec024,,1,重要内容提示： 赎回登记日：2026年5月28日 赎回价格：101.3973元/张 赎回款发放日：2026年5月29日 最后交易日：2026年5月25日 最后转股日：2026年5月28日 本次提前赎回完成后，富春转债将自2026年5月29日起在上海证券交易所摘牌。,2026-05-28,,,,,,2026-05-22,2026-05-28,101.3973,在本次发行的可转债转股期内，如果公司股票连续三十个交易日中至少有十五个交易日的收盘价格不低于当期转股价格的130%（含130%）,605189,富春染织,
,,下修类公告,,,128119,龙大转债,,e3c30812147916a0,,1,根据公司《山东龙大肉食品股份有限公司公开发行可转换公司债券募集说明书》规定：在本次发行的可转换公司债券存续期间，当公司A股股票在任意连续二十个交易日中有十个交易日的收盘价低于当期转股价格的90%时，公司董事会有权提出可转债转股价格向下修正方案并提交公司股东大会审议表决。本次触发可转债转股价格修正条件的期间从2026年5月25日起算，自2026年5月25日至2026年5月29日，公司股票已有五个交易日低于当期转股价格的90%（即3.78元/股），预计后续可能触发可转债转股价格向下修正条件。,,,,4.2,,,2026-05-29,,,,002726,ST龙大,在本次发行的可转换公司债券存续期间，当公司A股股票在任意连续二十个交易日中有十个交易日的收盘价低于当期转股价格的90%时
,,下修类公告,,,118027,宏图转债,,e3e990d1c85a2df3,,1,转股价格：40.94元/股；转股时间：2023年6月2日至2028年11月27日；航天宏图信息技术股份有限公司（以下简称“公司”）股票自2026年2月2日至2026年2月13日已有10个交易日的收盘价低于当期转股价格的85%（即34.80元/股），存在触发《航天宏图信息技术股份有限公司向不特定对象发行可转换公司债券募集说明书》（以下简称“募集说明书”）中规定的转股价格向下修正条件的可能性。,,,,40.94,,,2026-02-14,,,,688066,航天宏图,在本次发行的可转换公司债券存续期间，当公司股票在任意连续三十个交易日中至少有十五个交易日的收盘价低于当期转股价格的85%时
,,强赎类公告,,,149797,22新资01,2026-01-27,e4a7c85cc4484964,,1,赎回价格：人民币 105.40元/张（含当期利息，且当期利息含税） 。赎回登记日： 2026年1月26日。赎回资金到账日： 2026年1月27日。,,,,,,,2025-12-26,2026-01-26,105.4,,,,
,,强赎类公告,,,148097,22越控04,,e4ae192232b8dfdc,,2,根据公司实际情况及当前的市场环境，公司决定放弃行使发行人调整票面利率选择权，并行使本期债券的发行人赎回选择权，对赎回登记日登记在册的“22越控04”进行全额赎回。,,,,,,,2025-09-10,,,,,广州越秀资本控股集团股份有限公司,
,,下修类公告,,,127062,垒知转债,,e4c53b9ac7c076fd,,5,自2026年2月26日至2026年3月11日，公司股票在连续30个交易日中已有10个交易日的收盘价低于当期转股价格7.59元/股的85%，即6.45元/股的情形，预计触发转股价格向下修正条件。,,,,,,,2026-03-12,,,,002398,垒知集团,在本次发行的可转换公司债券存续期间，当公司股票在任意连续三十个交易日中至少有十五个交易日的收盘价低于当期转股价格的85%时
,不向下修正,下修类公告,,,111009,盛泰转债,,e6da7c9fc637a901,,,截至2026年3月11日，公司股票已满足在任意连续三十个交易日中至少有十五个交易日的收盘价低于当期转股价格的85%（即8.9760元/股），已触发“盛泰转债”转股价格修正条款。公司“盛泰转债”的初始转股价格为10.90元/股，最新转股价格为10.56元/股。公司董事会决定本次不向下修正“盛泰转债”的转股价格，并且在未来6个月内（即自2026年3月12日至2026年9月11日期间），公司股价若再次触发此条款，亦不向下修正“盛泰转债”的转股价格。,,,公司决定本次不向下修正转股价格，并在未来6个月内亦不修正。,10.56,,,2026-03-12,,,,605138,盛泰集团,在任意连续三十个交易日中至少有十五个交易日的收盘价低于当期转股价格的85%
,,下修类公告,,,123214,东宝转债,,e6ef7f776b7ade5c,,,自2026年4月16日至2026年5月11日，公司股票已有十五个交易日的收盘价低于当期转股价格6.63元/股的90%，已触发“东宝转债”转股价格向下修正条件。,,,公司董事会决定本次不向下修正“东宝转债”转股价格，同时自本次董事会审议通过次一交易日起至2026年11月11日，如再次触发向下修正条件，亦不提出向下修正方案。,,,,2026-05-11,,,,300239,东宝生物,在任意连续三十个交易日中至少有十五个交易日的收盘价低于当期转股价格的90%时
,,强赎类公告,,,148064,22越控02,2025-09-16,e92dd5e5d83cb66e,,1,赎回登记日： 2025年9月15日。 赎回资金到账日： 2025年9月16日。 赎回价格：人民币 102.67元/张（含当期利息，且当期利息含税）。 摘牌日： 2025年9月16日。,,,该公告为公司债券赎回选择权行使，非可转债，部分字段不适用。,,,,,2025-09-15,102.67,,,广州越秀资本控股集团股份有限公司,
,,下修类公告,,,110092,三房转债,,e959f6b7bb33a906,,1,自2026年2月27日至2026年4月2日，江苏三房巷聚材股份有限公司股价已出现任意连续三十个交易日中至少有十五个交易日的收盘价低于当期转股价格的85%的情形，触发“三房转债”转股价格向下修正条款。经公司第十一届董事会第二十八次会议审议通过，公司董事会决定本次不向下修正“三房转债”转股价格,,,,3.02,,,2026-04-03,,,,600370,三房巷,任意连续三十个交易日中至少有十五个交易日的收盘价低于当期转股价格的85%
,,下修类公告,,,118053,正帆转债,,e9d9efab2bd25565,,1,转股价格：38.45元/股。上海正帆科技股份有限公司（以下简称“公司”）股票自2026年3月3日至2026年3月16日已有10个交易日的收盘价低于当期转股价格的85%（即32.68元/股），存在触发《上海正帆科技股份有限公司向不特定对象发行可转换公司债券募集说明书》中规定的转股价格向下修正条件的可能性。,,,,38.45,,,2026-03-17,,,,688596,正帆科技,在任意连续三十个交易日中至少有十五个交易日的收盘价低于当期转股价格的85%
,,强赎类公告,,,149975,22万科05,2025-07-08,eb96a7c3003e40d9,,1,赎回登记日：2025年7月7日。赎回资金到账日：2025年7月8日。赎回价格：人民币103.21元/张（含当期利息，且当期利息含税）。债券赎回比例：100%。摘牌日: 2025年7月8日。,,,,,,,2025-06-17,2025-07-07,103.21,,000002,万科A,
,,强赎类公告,,,149975,22万科05,,ebc3ffaec1782570,,1,根据公司实际情况及当前的市场环境，公司决定行使“22万科 05”赎回选择权，对赎回登记日登记在册的“22万科 05”全部赎回。,,,公司债券赎回，非可转债,,,,2025-06-10,,,,000002,万科A,
,,强赎类公告,,,123126,瑞丰转债,,ec52b5e2cd98be32,,,自2026年4月15日至2026年5月8日，山东瑞丰高分子材料股份有限公司（以下简称“公司”）股票已满足任何连续三十个交易日中至少有十五个交易日的收盘价不低于当期转股价格的130%（15.14元/股），根据公司《创业板向不特定对象发行可转换公司债券募集说明书》中有条件赎回条款的相关约定，已触发“瑞丰转债”有条件赎回条款。,2026-05-29,,,,,,2026-05-25,2026-05-29,102.53,在本次发行的可转换公司债券转股期内，如果公司股票在任何连续三十个交易日中至少有十五个交易日的收盘价格不低于当期转股价格的130%（含130%）,300243,瑞丰高材,
,,强赎类公告,,,148097,22越控04,2025-10-24,ec60c179ff11d0f2,,1,赎回价格：人民币 102.65元/张（含当期利息，且当期利息含税）。赎回登记日：2025年10月23日。摘牌日：2025年10月24日。,,,本次公告为公司债券赎回选择权行使，非可转债。,,,,2025-09-15,2025-10-23,102.65,,,广州越秀资本控股集团股份有限公司,
,,强赎类公告,,,149358,21万科02,,ec9d177c34aadaca,,1,根据公司实际情况及当前的市场环境，公司决定放弃行使“21万科02”发行人赎回选择权。,,,该公告为公司债券放弃赎回选择权，非可转债，可转债相关字段不适用。,,,,2025-12-05,,,,000002,万科企业股份有限公司,
,,强赎类公告,,,149297,20万科08,2025-11-13,ed1e2a4e12d91808,,1,赎回登记日：2025年11月12日。赎回价格：人民币104.11元/张（含当期利息，且当期利息含税）。摘牌日: 2025年11月13日。,,,,,,,2025-09-24,2025-11-12,104.11,,000002,万科A,
,,强赎类公告,,,127024,盈峰转债,,ed44cd76c56ee1cb,,1-2,"重要内容提示：
1、最后交易日：2026年5月25日
2026年5月25日为“盈峰转债”最后一个交易日，当日“盈峰转债”简称为“Z峰转债”；2026年5月25日收市后“盈峰转债”将停止交易。
2、最后转股日：2026年5月28日
2026年5月28日为“盈峰转债”最后一个转股日，当日收市前，持有“盈峰转债”的投资者仍可进行转股，2026年5月28日收市后，仍未实施转股的“盈峰转债”将停止转股，剩余“盈峰转债”将按照101.129元/张（含息税，当期年利率为2.00%）的价格被强制赎回。
...
自2026年4月10日至2026年4月30日期间，盈峰环境科技集团股份有限公司（以下简称“盈峰环境”或“公司”）股票已满足任意连续三十个交易日中至少有十五个交易日的收盘价格不低于“盈峰转债”当期转股价格（7.67元/股）的130%（即9.971元/股）的情形。",2026-05-28,,,,,,2026-05-22,2026-05-28,101.129,在本次发行的可转换公司债券转股期内，如果公司股票连续30个交易日中至少有15个交易日的收盘价格不低于当期转股价格的130%（含130%）。,000967,盈峰环境科技集团股份有限公司,
,,下修类公告,,,118020,芳源转债,,ed4cf8527ccf3bad,,,截至2026年5月6日，公司股票已出现在任意连续30个交易日中至少有15个交易日的收盘价低于当期转股价格的85%（即11.90元/股），已触发“芳源转债”转股价格向下修正条款。公司于2026年5月6日召开第四届董事会第十二次会议...决定本次不向下修正转股价格，同时在未来两个月内（即2026年5月7日至2026年7月6日），如再次触发“芳源转债”转股价格向下修正条款，亦不提出向下修正方案。,,,,14.0,,,2026-05-07,,,,688148,芳源股份,在任意连续三十个交易日中至少有十五个交易日的收盘价低于当期转股价格的85%
,,强赎类公告,,,149975,22万科05,2025-07-08,eefd1fa7b8ea050a,,1,赎回登记日：2025年7月7日。赎回价格：人民币103.21元/张（含当期利息，且当期利息含税）。摘牌日: 2025年7月8日。,,,,,,,2025-06-23,2025-07-07,103.21,,000002,万科A,
,,强赎类公告,,,127053,豪美转债,,ef64810dcbc2119f,,,自2026年4月30日至2026年5月18日期间，公司股票已有10个交易日的收盘价格不低于“豪美转债”当期转股价17.23元/股的130%（即22.40元/股）。若在未来触发“豪美转债”的有条件赎回条款，即公司股票在任何连续三十个交易日中至少十五个交易日的收盘价不低于当期转股价格的130%（含130%），根据《募集说明书》中有条件赎回条款的相关约定，届时公司有权决定按照债券面值加当期应计利息的价格赎回全部或部分未转股的“豪美转债”。,,,,,,,2026-05-19,,,在转股期内，如果公司股票在任何连续三十个交易日中至少十五个交易日的收盘价格不低于当期转股价格的130%（含130%）,002988,豪美新材,
,,下修类公告,,,127030,盛虹转债,,f004bbf2c9f63d4a,,,2025年12月1日至2025年12月11日期间，公司股票已有9个交易日的收盘价低于“盛虹转债”当期转股价格13.21元/股的80%，即10.568元/股，预计将触发“盛虹转债”转股价格向下修正条件。,,,,13.21,,,2025-12-11,,,,000301,东方盛虹,在任意30个连续交易日中至少15个交易日的收盘价格低于当期转股价格的80%时
,,下修类公告,,,127062,垒知转债,,f077880a619c61dd,,,截至2026年2月25日，公司股票在连续30个交易日中已有15个交易日（2026年1月28日至2026年2月25日）的收盘价低于当期转股价格的85%，已触发转股价格向下修正条件。,,,公司董事会决定本次不向下修正转股价格，从2026年2月26日起重新计算触发条件。,,,,2026-02-26,,,,002398,垒知集团,在本次发行的可转换公司债券存续期间，当公司股票在任意连续三十个交易日中至少有十五个交易日的收盘价低于当期转股价格的85%时
,,下修类公告,,,123065,宝莱转债,,f0ee84990b89ed5d,,1,2025年12月9日至2025年12月22日，公司股票已有10个交易日的收盘价格低于当期转股价格（23.97元/股）的90%，预计可能触发“宝莱转债”转股价格向下修正条件。,,,,23.97,,,2025-12-22,,,,300246,宝莱特,在本次发行的可转换公司债券存续期间，当公司股票在任意连续三十个交易日中至少有十五个交易日的收盘价低于当期转股价格的90%时
,,下修类公告,,,123150,九强转债,,f1bc3297bea85b13,,"Page 1, Page 6, Page 7",转股价格：当前为人民币16.48元/股。本次触发转股价格修正条件的期间从2026年3月19日起算，截至2026年4月1日，公司股票在连续三十个交易日中已有十个交易日的收盘价低于当前转股价格的85%（即14.01元/股），预计后续可能触发转股价格向下修正条件。当公司股票在任意连续三十个交易日中至少有十五个交易日的收盘价低于当期转股价格的85%时，公司董事会有权提出转股价格向下修正方案。,,,本次为预计触发下修条件的提示性公告，尚未实际修正转股价格。,,,,2026-04-01,,,,300406,九强生物,当公司股票在任意连续三十个交易日中至少有十五个交易日的收盘价低于当期转股价格的85%时
,,下修类公告,,,127062,垒知转债,,f1fd5eaf34b1165e,,5,自2026年4月10日至2026年4月23日，公司股票在连续30个交易日中已有10个交易日的收盘价低于当期转股价格7.59元/股的85%，即6.45元/股的情形，预计触发转股价格向下修正条件。,,,预计触发下修条件，尚未实际修正转股价格。,7.59,,,2026-04-24,,,,002398,垒知集团,在本次发行的可转换公司债券存续期间，当公司股票在任意连续三十个交易日中至少有十五个交易日的收盘价低于当期转股价格的85%时
,,强赎类公告,,,127090,兴瑞转债,,f44996a3086005b0,,,可转债赎回日：2026年6月16日；可转债赎回价格：100.717元/张（含息税）；可转债赎回资金到账日：2026年6月24日；可转债停止交易日：2026年6月11日；可转债停止转股日：2026年6月16日；可转债赎回条件满足日：2026年5月22日；可转债赎回登记日：2026年6月15日,2026-06-15,,,,,,2026-05-26,2026-06-15,100.717,在本次发行的可转债转股期内，如果公司股票在任意连续三十个交易日中至少有十五个交易日的收盘价格不低于当期转股价格的130%（含130%）,002937,兴瑞科技,
,,下修类公告,,,118066,统联转债,,f5f1bf70c175b595,,,转股价格：56.20元/股。当公司股票在任意连续三十个交易日中至少有十五个交易日的收盘价格低于当期转股价格的85%时，公司董事会有权提出转股价格向下修正方案。自2026年3月20日至2026年4月2日，公司股票已有10个交易日的收盘价低于当期转股价格的85%（即47.77元/股）。,,,,56.2,,,2026-04-03,,,,688210,统联精密,在本次发行的可转债存续期内，当公司股票在任意连续三十个交易日中至少有十五个交易日的收盘价格低于当期转股价格的85%时
,,强赎类公告,,,148093,22光控01,2025-10-27,f65fa856fdb454af,,1,赎回价格：人民币103.43元/张（含当期利息，且当期利息含税）。赎回登记日：2025年10月24日。摘牌日：2025年10月27日。,,,,,,,,2025-10-24,103.43,,,武汉光谷金融控股集团有限公司,
,,下修类公告,,,113679,芯能转债,,f787a31b721c36dc,,1,股票代码：603105；股票简称：芯能科技 转债代码：113679；转债简称：芯能转债 当前转股价格：12.75元/股 转股起止日期：2024年5月6日至2029年10月25日 自2026年4月3日至2026年4月29日连续18个交易日期间，浙江芯能光伏科技股份有限公司（以下简称“公司”）股票已有10个交易日的收盘价格低于当期转股价的85%（即10.8375元/股），若未来连续12个交易日内有5个交易日公司股票价格继续满足相关条件，或者自2026年4月3日低于当期转股价的85%的首日开始起算，公司股票在后续任意连续30个交易日中至少有15个交易日的收盘价低于当期转股价格的85%，将触发转股价格向下修正条件。,,,,12.75,,,2026-04-30,,,,603105,芯能科技,在本次发行的可转换公司债券存续期间，当公司A股股票在任意连续三十个交易日中至少有十五个交易日的收盘价低于当期转股价格的85%时
,,下修类公告,,,123090,三诺转债,,f80777bbf60f4d82,,1,自2025年12月22日至2026年1月6日，三诺生物传感股份有限公司（以下简称“公司”或“三诺生物”）股票已有10个交易日的收盘价低于当期转股价格的80%（即27.57元/股），预计将触发《三诺生物传感股份有限公司创业板向不特定对象发行可转换公司债券募集说明书》规定的“三诺转债”转股价格向下修正条件。,,,,34.46,,,2026-01-06,,,,300298,三诺生物,在任意连续三十个交易日中至少有十五个交易日的收盘价格低于当期转股价格的80%时
,主动下修,下修类公告,30.37,32.66,110081,闻泰转债,,f912c729e53c1fdb,2026-04-10,,调整前转股价格：43.60元/股 调整后转股价格：32.66元/股 “闻泰转债”本次转股价格调整/修正实施日期：2026年4月10日,,32.66,,43.6,,,2026-04-09,,,,600745,闻泰科技,当公司股票在任意连续三十个交易日中至少有十五个交易日的收盘价低于当期转股价格的85%时
,,下修类公告,,,123171,共同转债,,f9593cbe9fbcf5ac,,1,证券代码：300966 证券简称：共同药业 公告编号：2026-006 转债代码：123171 转债简称：共同转债 转股价格：27.12元/股 根据《湖北共同药业股份有限公司向不特定对象发行可转换公司债券募集说明书》中相关约定：“在本次发行的可转换公司债券存续期间，当公司股票在任意连续三十个交易日中至少有十五个交易日的收盘价格低于当期转股价格的85%时，公司董事会有权提出转股价格向下修正方案并提交公司股东会表决。”自2026年3月24日至2026年4月7日，公司股票已有十个交易日的收盘价格低于当期转股价格的85%，预计将有可能触发转股价格向下修正条件。,,,,,,,2026-04-07,,,,300966,共同药业,在本次发行的可转换公司债券存续期间，当公司股票在任意连续三十个交易日中至少有十五个交易日的收盘价格低于当期转股价格的85%时
,,强赎类公告,,,148064,22越控02,2025-09-16,f9bbbf79e45ef026,,1,赎回价格：人民币102.67元/张（含当期利息，且当期利息含税）。赎回登记日：2025年9月15日。摘牌日：2025年9月16日。,,,该公司债券非可转债，无转股相关字段,,,,,2025-09-15,102.67,,,广州越秀资本控股集团股份有限公司,
,,强赎类公告,,,123121,帝尔转债,,faaf91c195a8e55c,,,可转债赎回日：2026年6月3日；可转债赎回价格：102.068元/张（含息税）；可转债赎回登记日：2026年6月2日；自2026年4月17日至2026年5月12日，公司股票已满足连续三十个交易日中至少十五个交易日的收盘价格不低于“帝尔转债”当期转股价格（73.56元/股）的130%。,2026-06-02,,,,,,2026-05-25,2026-06-02,102.068,在转股期内，如果公司股票在连续三十个交易日中至少十五个交易日的收盘价格不低于当期转股价格的130%（含130%）,300776,帝尔激光,
,,下修类公告,,,113682,益丰转债,,facd99029aacd285,,3,本次触发转股价格修正条件的期间从2026年5月6日起算，截至2026年5月19日，公司股票已有10个交易日的收盘价低于调整后的转股价格31.84元/股的85%（27.06元/股），若30个交易日内有15个交易日公司股票价格低于27.06元/股，将触发“益丰转债”的转股价格修正条件。,,,,,,,2026-05-20,,,,603939,益丰药房,当公司股票在任意连续三十个交易日中至少有十五个交易日的收盘价格低于当期转股价格的85%时
,,强赎类公告,,,149975,22万科05,2025-07-08,fae3f682a6320654,,1,赎回价格 ：人民币 103.21元/张（含当期利息，且当期利息含税）。赎回登记日 ：2025年7月7日。摘牌日 : 2025年7月8日。,,,本次公告为公司债券赎回选择权提示，非可转债强赎公告。,,,,2025-06-10,2025-07-07,103.21,,000002,万科A,
,,强赎类公告,,,127024,盈峰转债,,fb8262c2c0ce88f3,,,可转换公司债券赎回价格：人民币101.129元/张（含息税，当期年利率为2.00%）；最后转股日：2026年5月28日；赎回登记日：2026年5月28日；自2026年4月10日至2026年4月30日期间，公司股票已满足任意连续三十个交易日中至少有十五个交易日的收盘价格不低于“盈峰转债”当期转股价格（7.67元/股）的130%（即9.971元/股）的情形。,2026-05-28,,,,,,2026-05-20,2026-05-28,101.13,在本次发行的可转换公司债券转股期内，如果公司股票连续30个交易日中至少有15个交易日的收盘价格不低于当期转股价格的130%（含130%）。,000967,盈峰环境科技集团股份有限公司,
,,下修类公告,,,127062,垒知转债,,fd398203fd9dd69a,,1,截至2026年4月30日，公司股票在连续30个交易日中已有15个交易日（2026年4月10日至2026年4月30日）的收盘价低于当期转股价格的85%，已触发转股价格向下修正条件。经公司第七届董事会第十四次会议审议通过，公司董事会决定本次不向下修正“垒知转债”转股价格。,,,公司决定本次不向下修正转股价格，从2026年5月6日起重新计算触发期间。,,,,2026-05-06,,,,002398,垒知集团,连续30个交易日中至少有15个交易日的收盘价低于当期转股价格的85%
,,下修类公告,,,127061,美锦转债,,fdf59337943c7c10,,,2026年4月3日至2026年5月11日，公司股票已有10个交易日的收盘价低于当期转股价格的85%，预计触发转股价格向下修正条件。,,,,,,,2026-05-11,,,,000723,美锦能源,在任意连续三十个交易日中至少有十五个交易日的收盘价低于当期转股价格的85%
,,强赎类公告,,,127066,科利转债,,fe0e8704f35b162a,,,自2026年4月16日至2026年5月18日，公司股票已满足连续三十个交易日中至少有十五个交易日的收盘价格不低于“科利转债”当期转股价格的130%（即193.31元/股）。根据《募集说明书》中有条件赎回条款的相关规定，已满足“科利转债”的有条件赎回条款。可转债赎回价格：101.405元/张（含当期应计利息，当期年利率为1.5%，且当期利息含税）。可转债赎回登记日：2026年6月12日。可转债停止转股日：2026年6月15日。,2026-06-12,,,,,,2026-05-20,2026-06-12,101.41,自2026年4月16日至2026年5月18日，公司股票已满足连续三十个交易日中至少有十五个交易日的收盘价格不低于“科利转债”当期转股价格的130%（即193.31元/股）,002850,科达利,
,,下修类公告,,,127062,垒知转债,,fe71a364c432bf4e,,,关于不向下修正“垒知转债”转股价格的公告 证券代码：002398 证券简称：垒知集团 公告编号：2026-013 债券代码：127062 债券简称：垒知转债 垒知控股集团股份有限公司 关于不向下修正“垒知转债”转股价格的公告,,,,,,,2026-03-19,,,,002398,垒知集团,在本次发行的可转换公司债券存续期间，当公司股票在任意连续三十个交易日中至少有十五个交易日的收盘价低于当期转股价格的85%时
,,下修类公告,,,123117,健帆转债,,ff5b2500d2d7dc09,,,转股价格：38.65元/股；在可转债存续期间，当公司股票在任意连续三十个交易日中至少有十五个交易日的收盘价格低于当期转股价格的85%时，公司董事会有权提出转股价格向下修正方案,,,提示性公告，尚未实际下修，仅预计触发条件,,,,2026-04-07,,,,300529,健帆生物,在可转债存续期间，当公司股票在任意连续三十个交易日中至少有十五个交易日的收盘价格低于当期转股价格的85%时
,,强赎类公告,,,123054,思特转债,,ffd7606a4f271607,,,1、可转债赎回日：2026年5月29日 2、可转债赎回价格：102.90元/张（含息税） 3、可转债赎回资金到账日：2026年6月5日 4、可转债停止交易日：2026年5月26日 5、可转债停止转股日：2026年5月29日 6、可转债发行人资金到账日：2026年6月3日 7、可转债赎回条件触发日：2026年5月7日 8、可转债赎回登记日：2026年5月28日 9、赎回类别：全部赎回,2026-05-29,,,,,,2026-05-19,2026-05-28,102.9,在本次可转换公司债券转股期内，如果公司股票连续三十个交易日中至少有十五个交易日的收盘价格不低于当期转股价格的130%（含130%）。,300608,思特奇,
54.84,主动下修,下修类公告,,,128119,龙大转债,,98ae99e703caead7,2026-02-12,4,2026年4月1日，公司召开第六届董事会第十四次会议审议通过了《关于不向下修正“龙大转债”转股价格的议案》，董事会决定本次不行使“龙大转债”转股价格向下修正的权利，同时未来一个月内（即2026年4月2日至2026年5月1日）如再次触发转股价格向下修正条款，亦不提出向下修正方案。,,4.2,,9.3,,2026-02-11,2026-04-01,,,,002726,龙大美食,连续30个交易日中有10个交易日收盘价低于转股价的90%
,,强赎类公告,,,111013,新港转债,2026-06-02,9ad1299005dd9e41,,1,"赎回登记日：2026年6月1日
赎回价格：100.3534元/张
赎回款发放日：2026年6月2日
最后交易日：2026年5月27日
最后转股日：2026年6月1日
本次提前赎回完成后，""新港转债""将自2026年6月2日起在上海证券交易所摘牌。",2026-06-01,,,,0.35,,2026-05-27,2026-06-01,100.35,连续30个交易日中至少有15个交易日的收盘价格不低于当期转股价格的130%（含本数）,605162,新中港,
,,强赎类公告,,,111013,新港转债,2026-06-02,9b4c557417d6b428,,1,"证券代码：605162 证券简称：新中港 公告编号：2026-037
债券代码：111013 债券简称：新港转债",2026-06-01,,,,,,2026-05-29,2026-06-01,100.35,公司股票自2026年3月31日至2026年4月21日连续15个交易日内，有15个交易日收盘价格不低于公司“新港转债”当期转股价格的130%（即11.27元/股）,605162,新中港,
,主动下修,下修类公告,8.1,8.13,127093,章鼓转债,,9c4108278b3835a9,2026-05-21,3,修正前转股价格：10.15元/股；修正后转股价格：8.40元/股；修正后转股价格生效日期：2026年5月21日。公司2025年度股东会召开日前二十个交易日公司股票交易均价为人民币8.13元/股，2025年度股东会召开日前一个交易日公司股票交易均价为人民币8.10元/股,,8.4,,10.15,,2026-05-20,2026-05-21,,,,002598,ST章鼓,连续30个交易日中有15个交易日收盘价低于转股价的85%
,,下修类公告,,,127056,中特转债,,9c7040d83f5ac61d,,2,1.截至2026年5月13日，中信泰富特钢集团股份有限公司（以下简称“公司”）股票已出现任意连续30个交易日中至少15个交易日的收盘价低于当期转股价格80%的情形，已触发“中特转债”转股价格的向下修正条款。,,,,,,,2026-05-14,,,,000708,中信特钢,连续30个交易日中至少15个交易日的收盘价低于当期转股价格80%
,主动下修,下修类公告,,,127038,国微转债,,9c92aa272a911a08,,1,若后续公司股票收盘价格继续低于其当期转股价格的85%，预计将触发“国微转债”转股价格向下修正条件。若触发前述转股价格向下修正条件，公司将按照《深圳证券交易所上市公司自律监管指引第15号——可转换公司债券》等相关规定及时履行后续审议程序和信息披露义务。,,,,,,,2026-03-09,,,,002049,紫光国微,连续30个交易日中有15个交易日收盘价低于转股价的85%
,,强赎类公告,,,123054,思特转债,2026-05-26,9d691e1ceab20752,,6,2026年4月3日至2026年5月7日期间，公司股票已满足连续三十个交易日中至少有十五个交易日的收盘价格不低于公司“思特转债”当期转股价格9.88元/股的130%（即12.844元/股），根据《募集说明书》的约定，已触发“思特转债”的有条件赎回条款。,2026-05-29,,,,2.9,,2026-05-28,2026-05-28,102.9,如果公司股票连续三十个交易日中至少有十五个交易日的收盘价格不低于当期转股价格的130%（含130%）,300608,思特奇,
,,强赎类公告,,,123121,帝尔转债,,9e8f30ceea49b9c9,,1,"1.可转债赎回日：2026年6月3日
2.可转债赎回价格：102.068元/张（含息税）
3.可转债赎回资金到账日：2026年6月10日
4.可转债停止交易日：2026年5月29日
5.可转债停止转股日：2026年6月3日
7.可转债赎回登记日：2026年6月2日",2026-06-03,,,,2.07,,2026-05-18,2026-06-02,102.07,连续三十个交易日中至少十五个交易日的收盘价格不低于‘帝尔转债’当期转股价格（73.56元/股）的130%,300776,帝尔激光,
,,下修类公告,,,127046,百润转债,,9eb9bd57311aa710,2026-03-19,3,自2026年3月23日至2026年4月13日，公司股票已有15个交易日的收盘价格低于当期转股价格20.63元/股的85%，已触发“百润转债”转股价格向下修正条款。,,,,,,,2026-04-14,,,,002568,百润股份,连续三十个交易日中至少有十五个交易日的收盘价低于当期转股价格的85%
,,下修类公告,,,127056,中特转债,,9ee1c259f4d986e5,,1,截至2026年3月17日，中信泰富特钢集团股份有限公司（以下简称“公司”）股票已出现任意连续30个交易日中至少15个交易日的收盘价低于当期转股价格80%的情形，已触发“中特转债”转股价格的向下修正条款。,,,,22.23,,,2026-03-18,,,,000708,中信泰富特钢集团股份有限公司,连续30个交易日中至少15个交易日的收盘价低于当期转股价格80%
,被动调整,下修类公告,,,123109,昌红转债,,9fe627b9efaa32f9,,1,自2026年4月7日至2026年4月20日，公司股票已有10个交易日的收盘价低于当期转股价格26.72元/股的85%，即22.71元/股的情形，预计触发“昌红转债”转股价格向下修正条件。,,,,26.72,,,2026-04-21,,,,300151,昌红科技,连续30个交易日中有15个交易日收盘价低于转股价的85%
,,强赎类公告,,,118004,博瑞转债,2026-05-22,a053dba6727e9082,,1,"证券代码：688166 证券简称：博瑞医药 公告编号：2026-042
转债代码：118004 转债简称：博瑞转债
...赎回价格：100.9452元/张
...最后转股日：2026年5月21日
...本次提前赎回完成后，博瑞转债将自2026年5月22日起在上海证券交易所摘牌",2026-05-21,,,,2.5,,2026-05-20,2026-05-21,100.9452,连续30个交易日收盘价不低于转股价的130%,688166,博瑞医药,自2026年4月7日至2026年4月27日连续30个交易日内有15个交易日收盘价格不低于公司博瑞转债当期转股价格的130％
,主动下修,下修类公告,,,127069,小熊转债,,a17d42494ada2436,,1,1、截至2026年4月24日，小熊电器股份有限公司（以下简称“公司”）股价已出现在任意连续三十个交易日中至少有十五个交易日的收盘价格低于当期转股价格85%的情形，已触发“小熊转债”转股价格向下修正条件。,,,,52.21,,2026-04-24,2026-04-25,,,,002959,小熊电器,连续30个交易日中有15个交易日收盘价低于转股价的85%
,,下修类公告,,,118024,冠宇转债,,a3497d9d78f3df8e,,4,特此公告。珠海冠宇电池股份有限公司董事会 2026年2月28日,,,,22.89,,,2026-02-28,,,,688772,珠海冠宇,连续三十个交易日中有十五个交易日的收盘价低于当期转股价格的85%
,,下修类公告,,,127060,湘佳转债,,a78d51813cbc165a,,4,自2025年11月22日至2025年12月5日，公司股票已有十个交易日的收盘价低于当期转股价格的80%，预计后续将有可能触发“湘佳转债”转股价格向下修正条件。,,,,21.13,,,2025-12-06,,,,002982,湘佳股份,连续三十个交易日中至少有十五个交易日的收盘价低于当期转股价格的80%
,,下修类公告,,,118020,芳源转债,,a875a4ef61c894ac,,1,2025年12月12日至2025年12月25日，公司股票在连续30个交易日中已有10个交易日的收盘价低于当期转股价格的85%（即15.84元/股），预计触发转股价格向下修正条件。,,,,18.63,,,2025-12-26,,,,688148,芳源股份,连续30个交易日中有15个交易日收盘价低于转股价的85%
,主动下修,下修类公告,,,123150,九强转债,,a9a000a0b60bcf11,,1,截至2026年4月9日，北京九强生物技术股份有限公司（以下简称“公司”）股票在连续三十个交易日中已有十五个交易日的收盘价低于当前转股价格的85%（即14.01元/股）的情形，已触发《北京九强生物技术股份有限公司创业板向不特定对象发行可转换公司债券募集说明书》（以下简称“《募集说明书》”）中规定的转股价格向下修正条款。,,,,16.48,,,2026-04-09,,,,300406,九强生物,连续三十个交易日中至少有十五个交易日的收盘价低于当期转股价格的85%
,,下修类公告,,,127056,中特转债,,a9bb74fb7822e30b,,5,2026年2月24日至2026年3月10日，公司股票已有10个交易日的收盘价低于“中特转债”当期转股价格22.23元/股的80%（即17.78元/股）的情形,,,,22.23,,,2026-03-11,,,,000708,中信特钢,连续30个交易日中有15个交易日收盘价低于转股价的80%
,,下修类公告,,,123175,百畅转债,,a9eb83a1e2c2e387,,4,"1.截至2026年4月14日，河南百川畅银环保能源股份有限公司（以下简称“公司”）股票自2026年3月24日至2026年4月14日已出现任意连续三十个交易日中至少有十五个交易日的收盘价格低于当期转股价格85%的情形，触发“百畅转债”转股价

格向下修正条款。",,,,20.4,,,2026-04-14,,,,300614,百川畅银,任意连续三十个交易日中至少有十五个交易日的收盘价格低于当期转股价格85%
,主动下修,下修类公告,18.93,20.67,127046,百润转债,,abac983376ad9cfb,2026-03-04,4,修正后的转股价格应不低于本次股东会召开日前二十个交易日公司股票交易均价和前一交易日均价之间的较高者。公司2026年第一次临时股东会召开日前二十个交易日公司股票交易均价为20.67元/股，前一个交易日公司股票交易均价为18.93元/股，本次修正后“百润转债”的转股价格修正后的转股价格自2026年3月4日起生效。,,20.68,,46.68,,2026-03-03,2026-03-04,,,,002568,百润股份,当公司股票在任意连续三十个交易日中至少有十五个交易日的收盘价低于当期转股价格的85%时
,主动下修,下修类公告,,,118027,宏图转债,,ac0352edb2efe5ad,,4,公司董事会决定本次不向下修正“宏图转债”转股价格，同时在未来的1个月内（即2026年4月14日至2026年5月13日），如再次触发“宏图转债”转股价格向下修正条件，亦不提出向下修正方案。,,24.55,,40.94,,,2026-04-14,,,,688066,航天宏图,连续三十个交易日中至少有十五个交易日的收盘价低于当期转股价格的85%
,,下修类公告,,,118005,天奈转债,,ac723f21d41a4720,,5,截至2026年5月19日，公司股价已出现连续30个交易日中至少有15个交易日的收盘价低于当期转股价格的85%（即84.23元/股）的情形，已触发“天奈转债”转股价格的向下修正条款。,,,,99.09,,,2026-05-20,,,,688116,天奈科技,当公司股票在任意连续三十个交易日中至少有十五个交易日的收盘价低于当期转股价格的85%时
,,强赎类公告,,,149797,22新资01,2026-01-27,ae1b89cdfd7c465e,,7,2025 1229,,,,,,,2025-12-29,2026-01-26,105.4,在第2个计息年度付息日、第4个计息年度付息日前的第20个交易日发布关于是否行使赎回选择权的公告。若决定行使赎回权利，本期债券将被视为第2年、第4年全部到期，发行人将以票面面值加最后一期利息向投资者赎回全部公司债券。,,新疆金投资产管理股份有限公司,
,主动下修,下修类公告,,,110081,闻泰转债,,aeaea3e147417c68,,1,自2026年2月2日至2026年3月2日期间，闻泰科技股份有限公司（以下简称“公司”）股票在任意连续三十个交易日中已有十五个交易日的收盘价低于当期转股价格即43.60元/股的85%，已触发“闻泰转债”转股价格的向下修正条款。,,,,43.6,,,2026-03-03,,,,600745,闻泰科技,连续30个交易日中有15个交易日收盘价低于转股价的85%
55.87,主动下修,下修类公告,,,127046,百润转债,,aec354448d3c70a4,2026-03-19,4,自2026年3月23日起至2026年4月3日，上海百润投资控股集团股份有限公司（以下简称“公司”）股票已有10个交易日的收盘价格低于当期转股价格的85%，预计后续可能触发“百润转债”转股价格向下修正条件。若触发转股价格修正条件，公司将按照深交所相关规定及募集说明书的约定及时履行后续审议程序和信息披露义务。,,20.63,,46.68,,,2026-04-04,,,,002568,百润股份,连续30个交易日中有15个交易日收盘价低于转股价的85%
,,强赎类公告,,,148099,22万科07,2025-10-31,aefc63b59c8c559a,,"1,6",证券代码：000002、299903、148099...证券简称：万科A、万科H代、22万科07...公告编号：〈万〉2025-130...二〇二五年十月十三日,,,,,,,2025-10-13,2025-10-30,103.45,,000002,万科A,
,,强赎类公告,,,149975,22万科05转债,2025-07-08,af6a66f9e558c627,,1,中国，深圳，2025年6月23日,,,,,,,2025-06-23,2025-07-07,103.21,,000002,万科企业股份有限公司,
,,下修类公告,,,128135,洽洽转债,,b11e9aab9d71c284,,1,3、转股价格：人民币55.93元/股,,,,55.93,,,2026-02-11,,,,002557,洽洽食品,连续三十个交易日中至少有十五个交易日的收盘价低于当期转股价格的85%
,,下修类公告,,,127098,欧晶转债,,b2cd60cf1289adb2,,1,自2026年4月2日至2026年4月16日，公司股票已有十个交易日的收盘价低于当期转股价格的85%，预计将有可能触发转股价格向下修正条件。若触发转股价格修正条件，公司将于触发条件当日召开董事会审议决定是否修正转股价格，并及时履行信息披露义务。,,,,42.0,,,2026-04-16,,,,001269,欧晶科技,连续30个交易日中有15个交易日收盘价低于转股价的85%
,被动调整,下修类公告,,,127056,中特转债,,b35a2600f1da904a,,5,2026年5月7日,,,,22.23,,,2026-05-07,,,,000708,中信特钢,连续30个交易日中有15个交易日收盘价低于转股价的80%
,,强赎类公告,,,127026,超声转债,,b365d7e796a15c55,,1,可转债赎回价格：101.04元/张（含息税）,2026-06-15,,,,,,2026-05-29,2026-06-12,101.04,连续三十个交易日中至少有十五个交易日的收盘价格不低于当期转股价格的130%（含130%）,000823,超声电子,
,,下修类公告,,,113625,江山转债,,b3a233fd3c8d8801,,1,自2026年5月11日至2026年5月22日期间，江山欧派门业股份有限公司（以下简称“公司”）股票已满足在任意连续二十个交易日中至少有十个交易日的收盘价低于当期转股价格即19.84元/股的90%（即17.86元/股），已触发“江山转债”转股价格的向下修正条款。,,,,19.84,,,2026-05-25,,,,603208,江山欧派,连续二十个交易日中至少有十个交易日的收盘价低于当期转股价格的90%（即17.86元/股）
,主动下修,下修类公告,,,128127,文科转债,,b46e01258f554af3,,1,自2026年3月23日至2026年4月24日，广东文科绿色科技股份有限公司股票已出现任意连续30个交易日中至少有15个交易日的收盘价低于当期转股价格的90%（即3.98元/股）的情形，已触发“文科转债”转股价格的向下修正条款。,,,,4.42,,,2026-04-27,,,,002775,文科股份,连续30个交易日中至少有15个交易日的收盘价低于当期转股价格的90%
,,强赎类公告,,,149975,22万科05,,b484913fccab5638,,1,"证券代码： 000002、299903、149975          证券简称：万科 A、万科 H代、 22万科 05
公告编号： 〈万〉 2025-087
...公司决定行使 “22万科 05”赎回选择权，对赎回登记日登记在册的 “22万科 05”全部赎回。",,,,,,,2025-06-10,,,,000002,万科A,
,,强赎类公告,,,127026,超声转债,,b4b51164a1784d0d,,1,"可转债赎回日：2026年6月15日
可转债赎回价格：101.04元/张（含息税）
可转债赎回资金到账日：2026年6月23日
可转债停止交易日：2026年6月10日
可转债停止转股日：2026年6月15日
可转债赎回条件满足日：2026年5月22日
可转债赎回登记日：2026年6月12日",2026-06-15,,,,1.04,,2026-05-25,2026-06-12,101.04,连续30个交易日中至少有15个交易日的收盘价格不低于当期转股价格的130%（含130%）,000823,超声电子,
,,强赎类公告,,,111013,新港转债,2026-06-02,b4d7e98a8531615b,,1,赎回登记日：2026年6月1日；赎回价格：100.3534元/张；最后交易日：2026年5月27日；最后转股日：2026年6月1日；摘牌日期：2026年6月2日,2026-06-01,,,,,,2026-05-22,2026-06-01,100.3534,在本次发行的可转换公司债券转股期内，如果公司A股股票连续30个交易日中至少有15个交易日的收盘价格不低于当期转股价格的130%（含本数）,605162,新中港,
,,强赎类公告,,,123054,思特转债,,b5616ba1cc2a07ac,,1,2026年5月25日为“思特转债”最后一个交易日，当日“思特转债”简称为“Z特转债”。2026年5月25日收市后“思特转债”将停止交易。,2026-05-28,,,,,,2026-05-21,2026-05-28,102.9,在本次发行的可转换公司债券转股期内，如果公司股票连续三十个交易日中至少有十五个交易日的收盘价格不低于当期转股价格的130%（含130%）,300608,思特奇,
,,强赎类公告,,,148099,22万科 07,2025-10-31,b61e6de5aad164e9,,1,中国，深圳，2025年9月25日,,,,,,,2025-09-25,2025-10-30,103.45,根据《万科企业股份有限公司2022年面向专业投资者公开发行公司债券（第四期）募集说明书》有关条款约定，公司将于本期债券第3个计息年度付息日前的第20个交易日，在指定的信息披露媒体上发布关于是否行使赎回选择权的公告。若决定行使赎回权利，本期债券将被视为第3年全部到期，发行人将以票面面值加最后一期利息向投资者赎回全部本期债券。,000002,万科企业股份有限公司,
,,下修类公告,,,127056,中特转债,,b63499f6f8c5d702,,6,2026年4月20日至2026年5月6日，公司已有10个交易日的收盘价低于“中特转债”当期转股价格22.23元/股的80%（即17.78元/股）的情形，可能触发转股价格向下修正条件。,,,,22.23,,2026-04-20,2026-05-07,,,,000708,中信特钢,当公司股票在任意连续三十个交易日中至少有十五个交易日的收盘价低于当期转股价格的80%时
,,强赎类公告,,,149529,申万宏源证券有限公司公开发行2021年永续次级债券（第一期）,2026-06-24,b64b03f59ea26703,,1,"债券代码：149529
债券简称：21申证Y1
赎回登记日：2026年6月23日
赎回资金到账日：2026年6月24日
赎回价格：人民币104.10元/张（含当期利息，且当期利息含税）
债券赎回比例：100%
摘牌日：2026年6月24日",,,,,,,,2026-06-23,104.1,公司可于第5个计息年度付息日按面值加应付利息（包括所有递延支付的利息及其孳息）赎回本期债券,,申万宏源证券有限公司,
,,下修类公告,,,111001,山玻转债,,b717c39179a67bf1,2026-04-01,4,"2026年3月31日,“山玻转债”触发《募集说明书》中规定的转股价格向下修正条款。...决定不向下修正“山玻转债”转股价格。",,,,11.18,,,2026-04-01,,,,605006,山东玻纤,当公司股票在任意连续三十个交易日中至少有十五个交易日的收盘价低于当期转股价格的85%时
,主动下修,下修类公告,,,128108,蓝帆转债,,b8790526046a2552,,1,截至2026年2月9日，蓝帆医疗股份有限公司（以下简称“公司”）股票已有10个交易日的收盘价低于当期转股价格的85%，预计触发“蓝帆转债”转股价格向下修正条件。若触发条件，公司将于触发条件当日召开董事会审议决定是否修正转股价格，并及时履行信息披露义务。,,,,8.5,,,2026-02-10,,,,002382,蓝帆医疗,连续30个交易日中有15个交易日收盘价低于转股价的85%
,,下修类公告,,,113059,福莱转债,,b92ae662724d62cf,,4,二零二六年三月二十一日,,,,41.71,,,2026-03-21,,,,601865,福莱特,连续30个交易日中至少有15个交易日的收盘价低于当期转股价格90%（37.54元/股）
,,强赎类公告,,,123236,家联转债,2026-05-28,b98d06e1e1251eb7,,8,重要内容提示：1、可转债最后转股日：2026年5月27日...2026年5月27日收市后，未实施转股的“家联转债”将停止转股，剩余“家联转债”将按照100.344元/张的价格被强制赎回。,2026-05-28,,,,,,2026-05-25,2026-05-27,100.344,自2025年4月7日至2025年4月29日，宁波家联科技股份有限公司（以下简称“公司”）股票已满足任意连续三十个交易日中至少有十五个交易日的收盘价格不低于当期转股价格的130%（19.93元/股）,301193,家联科技,
,主动下修,下修类公告,,,123157,科蓝转债,,b9efa2cfd68a7a88,,4,2026年4月7日,,,,16.01,,,2026-04-07,,,,300663,科蓝软件,在本次可转债存续期间，当公司股票在任意连续三十个交易日中至少有十五个交易日的收盘价格低于当期转股价格的85%时，公司董事会有权提出转股价格向下修正方案并提交公司股东会表决，该方案须经出席会议的股东所持表决权的三分之二以上通过方可实施。
,,强赎类公告,,,148097,22越控 04,2025-10-24,bbd43833bea71a32,,1,债券代码： 148097。 债券简称： 22越控 04。 赎回登记日 ：2025年10月23日。 赎回价格：人民币 102.65元/张（含当期利息，且当期利息含税） 。,,,,,2.65,,2025-09-10,2025-10-23,102.65,,,广州越秀资本控股集团股份有限公司,
,,强赎类公告,,,149358,21万科02,,bbef0a03fa2c25ad,,4,特此公告。万科企业股份有限公司董事会二〇二五年十二月五日,,,,,,,2025-12-05,,,,000002,万科A,
,主动下修,下修类公告,,,123065,宝莱转债,,bc5c28a0a2ea7a6d,,5,根据《募集说明书》，公司本次发行的可转换公司债券转股价格向下修正条款如下：1、修正权限与修正幅度 在本次发行的可转换公司债券存续期间，当公司股票在任意连续三十个交易日中至少有十五个交易日的收盘价低于当期转股价格的90%时，公司董事会有权提出转股价格向下修正方案并提交公司股东会表决。,,,,23.8,,,2026-05-26,,,,300246,宝莱特,当公司股票在任意连续三十个交易日中至少有十五个交易日的收盘价低于当期转股价格的90%时
,主动下修,下修类公告,,,128127,文科转债,,bce1e304e63e54c4,,3,自2026年3月23日至2026年4月17日，公司股票已有10个交易日的收盘价低于当期转股价格4.42元/股的90%，即3.98元/股的情形，预计触发转股价格向下修正条件。,,,,4.42,,,2026-04-18,,,,002775,文科股份,当公司股票在任意连续30个交易日中至少有15个交易日的收盘价低于当期转股价格的90%时
,,下修类公告,,,127044,蒙娜转债,,0652e5fe91444bad,,,截至本公告披露日，“蒙娜转债”转股价格为19.84元/股。在本可转债存续期间，当本公司股票在任意连续30个交易日中有15个交易日的收盘价不高于当期转股价格的85%时，公司董事会有权提出转股价格向下修正方案,,,,19.84,,,,,,,002918,蒙娜丽莎,在任意连续30个交易日中有15个交易日的收盘价不高于当期转股价格的85%
,,强赎类公告,,,118018,瑞科转债,,07a2238b875c94a8,,,因公司股票出现连续三十个交易日中有十五个交易日的收盘价低于当期转股价格的85%（即26.27元/股）的情形，已触发“瑞科转债”转股价格向下修正条款，公司将“瑞科转债”的转股价格由30.91元/股向下修正为21.00元/股。具体内容详见公司于2026年4月11日在上交所网站（www.sse.com.cn）披露的《深圳瑞华泰薄膜科技股份有限公司关于向下修正“瑞科转债”转股价格暨转股停牌的公告》(公告编号：2026-015)。,,21.0,,30.91,,,2026-05-21,,,,688323,瑞华泰,"在本次发行的可转换公司债券转股期内，如果公司A股股票连续三十个交易日中至少有十五个交易日的收盘价不低于当期转股价格的130%（含130%），或本次发行的可转换公司债券未转股余额不足人民币3,000万元时，公司有权按照债券面值加当期应计利息的价格赎回全部或部分未转股的可转换公司债券。"
,,下修类公告,,,113638,台21转债,,07a2ebc35d19b691,,,截至2026年5月19日，公司股票在任意连续三十个交易日中有十五个交易日的收盘价格低于“台21转债”当期转股价格的85%，已触发转股价格向下修正条款。转股价格由16.44元/股调整为16.19元/股。决定本次不向下修正转股价格。,,,,16.19,,,2026-05-20,,,,603055,台华新材,在任意连续三十个交易日中至少有十五个交易日的收盘价低于当期转股价格的85%
,,下修类公告,,,128119,龙大转债,,0a2395356b5f8dfc,,,公司董事会决定将不向下修正“龙大转债”转股价格的期限由“2026年4月2日至2026年5月1日”调整为“2026年4月2日至2026年4月16日”。根据《山东龙大肉食品股份有限公司公开发行可转换公司债券募集说明书》的约定，在本次发行的可转债存续期间，当公司A股股票在任意连续二十个交易日中有十个交易日的收盘价低于当期转股价格的90%时，公司董事会有权提出转股价格向下修正方案并提交公司股东大会审议表决。,,,,,,,2026-04-16,,,,002726,山东龙大美食股份有限公司,在本次发行的可转债存续期间，当公司A股股票在任意连续二十个交易日中有十个交易日的收盘价低于当期转股价格的90%时，公司董事会有权提出转股价格向下修正方案并提交公司股东大会审议表决。
,,下修类公告,,,128121,宏川转债,,0cd9653ab29f51cd,,,转股价格：人民币14.00元/股；自2025年12月30日至2026年1月14日，公司股票已有10个交易日的收盘价低于当期转股价格的90%，预计可能触发转股价格向下修正条件。,,,,14.0,,,,,,,002930,宏川智慧,
,,强赎类公告,,,128141,旺能转债,,14239d4b8644a768,,,自2026年3月12日至2026年4月23日，公司股票已满足连续三十个交易日中至少有十五个交易日的收盘价格不低于“旺能转债”当期转股价格（13.98元/股）的130%（即18.17元/股）。可转债赎回价格：100.844元/张（含息税）。,,,,,,,,,100.844元/张（含息税）,,002034,旺能环境,在本次发行的可转债转股期内，如果公司A股股票连续三十个交易日中至少有十五个交易日的收盘价格不低于当期转股价格的130%（含130%）
,,强赎类公告,,,149975,22万科05,,16d0f080bf28ce50,,,根据公司实际情况及当前的市场环境，公司决定行使“22万科05”赎回选择权，对赎回登记日登记在册的“22万科05”全部赎回。赎回价格：人民币103.21元/张（含当期应计利息且当期利息含税）。,,,,,,,,,103.21,,000002,万科A,发行人将于本期债券第3个计息年度付息日前的第20个交易日发布是否行使赎回选择权的公告，若决定行使赎回权利，本期债券将被视为第3年全部到期，发行人将以票面面值加最后一期利息向投资者赎回全部本期债券。
,,强赎类公告,,,148097,22越控04,,16da57e92a58c682,,,公司决定放弃行使发行人调整票面利率选择权，并行使本期债券的发行人赎回选择权，对赎回登记日登记在册的“22越控04”进行全额赎回。赎回价格：人民币102.65元/张（含当期利息，且当期利息含税）。,,,,,,,,,102.65元/张,,,,根据《广州越秀金融控股集团股份有限公司2022年面向专业投资者公开发行公司债券（第三期）募集说明书》中有关“22越控04”票面利率调整选择权和赎回选择权的条款约定
,,强赎类公告,,,111005,富春转债,,170933f0114c4d7d,,,赎回价格：101.3973元/张；公司股票自2026年4月9日至2026年4月29日连续三十个交易日内有十五个交易日收盘价格高于（或不低于）‘富春转债’当期转股价格11.98元/股的130%（即15.574元/股），已满足‘富春转债’的赎回条件。,,,,,,,,,101.3973元/张,,605189,富春染织,在本次发行的可转债转股期内，如果公司股票连续三十个交易日中至少有十五个交易日的收盘价格不低于当期转股价格的130%（含130%）
,,下修类公告,,,128121,宏川转债,,1784370caa1d1c8f,,,自2025年11月21日至12月4日，广东宏川智慧物流股份有限公司（以下简称“公司”）股票已有10个交易日的收盘价低于当期转股价格的90%，预计可能触发转股价格向下修正条件。转股价格：人民币18.56元/股,,,,18.56,,,,,,,002930,宏川智慧,
,,强赎类公告,,,149297,20万科08,,1806046251a5cd1e,,,根据公司实际情况及当前的市场环境，公司决定行使“20万科08”赎回选择权，对赎回登记日登记在册的“20万科08”全部赎回。,,,,,,,2025-09-24,,,,000002,万科A,发行人将于本期债券第5个计息年度付息日前的第30个交易日，通过中国证监会指定的上市公司信息披露媒体发布关于是否行使赎回选择权的公告。若发行人决定行使赎回选择权，本期债券将被视为第5年全部到期，发行人将以票面面值加最后一期利息向投资者赎回全部本期债券。
,,强赎类公告,,,127090,兴瑞转债,,18dfeabc425b0c96,,,赎回价格为100.717元/张（含税）。自2026年4月24日至2026年5月22日，公司股票已满足连续三十个交易日中至少有十五个交易日的收盘价格不低于“兴瑞转债”当期转股价格（25.50元/股）的130%（即33.15元/股）。根据《募集说明书》中有条件赎回条款的相关规定，已触发“兴瑞转债”的有条件赎回条款。,,,,,,,,,100.717,,002937,兴瑞科技,在本次发行的可转债转股期内，如果公司股票在任意连续三十个交易日中至少有十五个交易日的收盘价格不低于当期转股价格的130%（含130%）
,,强赎类公告,,,148099,22万科07,,1a28f8c8047ba797,2025-10-31,,赎回价格：人民币103.45元/张（含当期利息，且当期利息含税）。赎回登记日：2025年10月30日。赎回资金到账日：2025年10月31日。摘牌日: 2025年10月31日。,,,,,,,,,103.45,,000002,万科A,发行人赎回选择权：发行人将于本期债券第3个计息年度付息日前的第20个交易日发布关于是否行使赎回选择权的公告，若决定行使赎回权利，本期债券将被视为第3年全部到期，发行人将以票面面值加最后一期利息向投资者赎回全部本期债券。
,,下修类公告,,,127061,美锦转债,,1a9bbbb03d106959,,,截至2026年5月18日，公司股票已触发“美锦转债”转股价格向下修正条款。公司董事会决定本次不行使“美锦转债”的转股价格向下修正的权利。,,,,5.26,,,2026-05-18,,,,000723,美锦能源,在本次发行的可转换公司债券存续期间，当公司A股股票在任意连续三十个交易日中至少有十五个交易日的收盘价低于当期转股价格的85%时，公司董事会有权提出转股价格向下修正方案并提交公司股东大会表决。
,,下修类公告,,,123196,正元转02,,1b1ec95247279c81,,,2026年4月16日至2026年5月11日，正元智慧集团股份有限公司...股票已满足连续三十个交易日中至少有十五个交易日的收盘价低于当期转股价格21.93元/股的85%（即18.6405元/股），触发“正元转02”转股价格向下修正条款。董事会决定本次不向下修正“正元转02”转股价格。,,,,21.93,,,,,,,300645,正元智慧,连续三十个交易日中至少有十五个交易日的收盘价低于当期转股价格的85%
,,强赎类公告,,,127066,科利转债,,2082752b75f5e19c,,,证券代码：002850 证券简称：科达利 公告编号：2026-038 债券代码：127066 债券简称：科利转债；可转债赎回价格：101.405元/张（含当期应计利息，当期年利率为1.5%，且当期利息含税）；自2026年4月16日至2026年5月18日，深圳市科达利实业股份有限公司（以下简称“公司”）股票已满足连续三十个交易日中至少有十五个交易日的收盘价格不低于“科利转债”当期转股价格的130%（即193.31元/股）。,,,,,,,,,101.405元/张,,002850,科达利,连续三十个交易日中至少有十五个交易日的收盘价格不低于当期转股价格的130%
,,下修类公告,,,127062,垒知转债,,20d3fbd0f0896e18,,,截至2026年4月9日，公司股票在连续30个交易日中已有15个交易日（2026年3月19日至2026年4月9日）的收盘价低于当期转股价格的85%，已触发转股价格向下修正条件。经公司第七届董事会第十一次会议审议通过，公司董事会决定本次不向下修正“垒知转债”转股价格。垒知转债转股价格调整为7.60元/股，调整后的转股价格自2024年6月17日起生效。,,,,7.6,,,2026-04-09,,,,002398,垒知集团,连续30个交易日中至少有15个交易日的收盘价低于当期转股价格的85%
,,下修类公告,,,128124,科华转债,,20de6cd6cdb1073d,,,根据《募集说明书》的规定，在本次发行的可转债存续期间，当公司股票在任意连续20个交易日中至少有10个交易日的收盘价低于当期转股价格的90%时，公司董事会有权提出转股价格向下修正方案并提交公司股东会表决。自2026年2月23日至2026年3月2日，公司股票已有5个交易日的收盘价低于当期转股价格的90%，预计将有可能触发转股价格向下修正条件。,,,,20.64,,,,,,,002022,科华生物,当公司股票在任意连续20个交易日中至少有10个交易日的收盘价低于当期转股价格的90%时
,,下修类公告,,,123175,百畅转债,,2122629dadd2e3fc,,,截至本公告披露日，“百畅转债”转股价格为20.40元/股。自2025年12月03日至2025年12月16日，公司股票已有10个交易日的收盘价低于当期转股价格20.40元/股的85%（即17.34元/股）的情形。若后续公司股票收盘价格继续低于当期转股价格的85%，预计将触发“百畅转债”转股价格向下修正条件。,,,,20.4,,,2025-12-16,,,,300614,百川畅银,在任意连续30个交易日中至少有15个交易日的收盘价低于当期转股价格的85%
,,下修类公告,,,128134,鸿路转债,,2136778ed959ba89,2026-02-26,,修正前转股价格：人民币32.08元/股；修正后转股价格：人民币21.99元/股；修正后转股价格生效日期：2026年2月26日；截至2026年2月3日，公司股票在连续30个交易日中已有15个交易日的收盘价低于当期转股价格的85%，已触发“鸿路转债”转股价格向下修正条件。,,21.99,,32.08,,,2026-02-26,,,,002541,鸿路钢构,在本次发行的可转债存续期间，当公司股票在任意连续三十个交易日中至少有十五个交易日的收盘价低于当期转股价格的85%时，公司董事会有权提出转股价格向下修正方案并提交公司股东会审议表决。
,,强赎类公告,,,148064,22越控02,,214fecd298e31b75,,,公司决定放弃行使发行人调整票面利率选择权，并行使本期债券的发行人赎回选择权，对赎回登记日登记在册的“22越控02”进行全额赎回。赎回价格：人民币102.67元/张（含当期利息，且当期利息含税）。,,,,,,,,,102.67元/张,,,越秀资本,发行人赎回选择权：发行人有权决定在本期债券品种一存续期的第3年末赎回本期债券品种一全部或部分未偿份额。
,,强赎类公告,,,123126,瑞丰转债,,21c308373e7ca242,,,自2026年4月15日至2026年5月8日，山东瑞丰高分子材料股份有限公司股票已满足任何连续三十个交易日中至少有十五个交易日的收盘价不低于当期转股价格的130%（15.14元/股），根据公司《创业板向不特定对象发行可转换公司债券募集说明书》中有条件赎回条款的相关约定，已触发“瑞丰转债”有条件赎回条款。赎回价格为102.532元/张（债券面值加当期应计利息，当期年利率为3.5%，且当期利息含税）。,,,,,,,,,102.532,,300243,瑞丰高材,在转股期内，如果公司股票在任何连续三十个交易日中至少有十五个交易日的收盘价格不低于当期转股价格的130%
,,下修类公告,,,123168,惠云转债,,2412577bf67e93b8,,,转股价格：10.74元/股；当公司股票在任意连续三十个交易日中至少有十五个交易日的收盘价格低于当期转股价格的85%时，公司董事会有权提出转股价格向下修正方案；2025年11月21日至2025年12月15日，公司股票已有10个交易日的收盘价格低于当期转股价格的85%（即9.129元/股）。,,,,10.74,,,,,,,300891,惠云钛业,在本可转债存续期间，当公司股票在任意连续三十个交易日中至少有十五个交易日的收盘价格低于当期转股价格的85%时
,,下修类公告,,,127046,百润转债,,24da937382cfec5b,,,●转股价格：46.68元/股；当公司股票在任意连续三十个交易日中至少有十五个交易日的收盘价低于当期转股价格的85%时，公司董事会有权提出转股价格向下修正方案；关于“百润转债”预计触发转股价格向下修正条件的提示性公告,,,,46.68,,,,,,,002568,百润股份,在本次发行的可转换公司债券存续期间，当公司股票在任意连续三十个交易日中至少有十五个交易日的收盘价低于当期转股价格的85%时
,,下修类公告,,,113648,巨星转债,,24ddac7e3cd3f1f9,,,调整后的转股价格自2026年5月7日起生效。当公司股票在任意连续三十个交易日中至少有十五个交易日的收盘价格低于当期转股价格80%时，公司董事会有权提出转股价格向下修正方案。,,,,24.86,,,2026-05-20,,,,603477,巨星农牧,在任意连续三十个交易日中至少有十五个交易日的收盘价低于当期转股价格的80%
,,下修类公告,,,123144,裕兴转债,,25277fb974543b2a,,,自2026年4月14日至2026年5月7日，公司股票在任意连续三十个交易日中至少有十五个交易日的收盘价低于当期转股价格的85%，已触发“裕兴转债”转股价格向下修正条款。董事会决定本次不向下修正“裕兴转债”转股价格。,,8.5,,8.5,,,2026-05-07,,,,300305,江苏裕兴薄膜科技股份有限公司,在任意连续三十个交易日中至少有十五个交易日的收盘价低于当期转股价格的85%
,,下修类公告,,,123144,裕兴转债,,25ea1085dc5b83f6,,,证券代码：300305 证券简称：裕兴股份；债券代码：123144 债券简称：裕兴转债；关于裕兴转债预计触发转股价格向下修正条件的提示性公告；在本次发行的可转债存续期间，当公司A股股票在任意连续三十个交易日中至少有十五个交易日的收盘价低于当期转股价格的85%时，公司董事会有权提出转股价格向下修正方案；截至本公告披露日，“裕兴转债”的最新转股价格为12.49元/股。,,,,12.49,,,,,,,300305,裕兴股份,在任意连续三十个交易日中至少有十五个交易日的收盘价低于当期转股价格的85%
,,下修类公告,,,128108,蓝帆转债,,2697f0a03406ac08,2026-03-17,,证券代码：002382 证券简称：蓝帆医疗 债券代码：128108 债券简称：蓝帆转债；修正前转股价格：8.50元/股；修正后转股价格：7.95元/股；修正后转股价格生效日期：2026年3月17日。,,7.95,,8.50,,,,,,,002382,蓝帆医疗,
,,下修类公告,,,127056,中特转债,,27a55bebad3fa903,,,因公司实施2025年半年度权益分派，“中特转债”的转股价格由22.43元/股调整为22.23元/股，调整后的转股价格于2025年10月15日起生效。截至2026年3月17日，公司股票已出现任意连续30个交易日中至少15个交易日的收盘价低于当期转股价格80%的情形，已触发“中特转债”转股价格的向下修正条款。经公司第十届董事会第二十五次会议审议通过，公司董事会决定本次不向下修正“中特转债”的转股价格。,,,,22.23,,,2026-03-17,,,,000708,中信特钢,任意连续30个交易日中至少15个交易日的收盘价低于当期转股价格的80%
,,强赎类公告,,,148064,22越控02,,284cc82cb1f5e8a3,,,根据公司实际情况及当前的市场环境，公司决定放弃行使发行人调整票面利率选择权，并行使本期债券的发行人赎回选择权，对赎回登记日登记在册的“22越控02”进行全额赎回。,,,,,,,,,,,,广州越秀资本控股集团股份有限公司,发行人有权决定在本期债券品种一存续期的第3年末赎回本期债券全部或部分未偿份额
,,强赎类公告,,,127090,兴瑞转债,,289504be28d5313f,,,自2026年4月24日至2026年5月22日，公司股票已满足连续三十个交易日中至少有十五个交易日的收盘价格不低于“兴瑞转债”当期转股价格（25.50元/股）的130%（即33.15元/股）。根据《募集说明书》中有条件赎回条款的相关规定，已触发“兴瑞转债”的有条件赎回条款。赎回价格为100.717元/张（含税）。,,,,,,,,,100.717元/张（含息税）,,002937,兴瑞科技,在本次发行的可转债转股期内，如果公司股票在任意连续三十个交易日中至少有十五个交易日的收盘价格不低于当期转股价格的130%（含130%）
,,强赎类公告,,,148093,22光控01,,29ecbbd2e6c6e156,,,根据《武汉光谷金融控股集团有限公司2022年面向专业投资者公开发行创新创业公司债券（数字经济） （第一期）募集说明书》中有关“22光控01”票面利率调整选择权和赎回选择权的条款约定，以及公司实际情况、当前市场环境，公司决定放弃行使发行人调整票面利率选择权， 并行使本期债券的发行人赎回选择权，对赎回登记日登记在册的“22光控01”进行全额赎回。赎回价格：人民币103.43元/张（含当期利息，且当期利息含税）。,,,,,,,,,103.43,,,,发行人有权决定在本期债券存续期的第3年末赎回本期债券全部或部分未偿份额
,,强赎类公告,,,149529,21申证Y1,,2b11e3755567ac1b,,,赎回价格：人民币104.10元/张（含当期利息，且当期利息含税）,,,,,,,,,104.10元/张,,,,于本期债券第5个和其后每个付息日，发行人有权按面值加应付利息（包括所有递延支付的利息及其孳息）赎回本期债券
,,下修类公告,,,123142,申昊转债,,2b67bff6fcaa2b31,,,证券代码：300853 证券简称：申昊科技；债券代码：123142 债券简称：申昊转债；关于预计触发转股价格向下修正条件的提示性公告；截至本公告披露日，“申昊转债”的最新有效转股价格为33.71元/股；自2025年11月27日至2025年12月10日，公司股票已有10个交易日的收盘价低于当期转股价格33.71元/股的85%，即28.65元/股的情形；在本次可转债存续期间，当公司股票在任意连续三十个交易日中至少有十五个交易日的收盘价格低于当期转股价格的85%时，公司董事会有权提出转股价格向下修正方案并提交公司股东大会表决。,,,,33.71,,,,,,,300853,申昊科技,在本次可转债存续期间，当公司股票在任意连续三十个交易日中至少有十五个交易日的收盘价格低于当期转股价格的85%时，公司董事会有权提出转股价格向下修正方案并提交公司股东大会表决。
,,下修类公告,,,123175,百畅转债,,2b6ba00efed4fbe6,,,截至本公告披露日，“百畅转债”转股价格为20.40元/股。自2026年03月24日至2026年04月07日，公司股票已有10个交易日的收盘价低于当期转股价格20.40元/股的85%（即17.34元/股）的情形。若后续公司股票收盘价格继续低于当期转股价格的85%，预计将触发“百畅转债”转股价格向下修正条件。,,,,20.40,,,2026-04-07,,,,300614,百川畅银,在本次发行的可转换公司债券存续期间，当公司股票在任意连续30个交易日中至少有15个交易日的收盘价低于当期转股价格的85%时，公司董事会有权提出转股价格向下修正方案并提交公司股东大会表决。
,,强赎类公告,,,123236,家联转债,,2b7f2eb459e1507a,,,自2026年3月30日至2026年4月20日，宁波家联科技股份有限公司股票已满足任意连续三十个交易日中至少有十五个交易日的收盘价格不低于当期转股价格的130%（19.93元/股），根据《宁波家联科技股份有限公司向不特定对象发行可转换公司债券募集说明书》中有条件赎回条款的相关约定，已触发了“家联转债”的有条件赎回条款。可转债赎回价格：100.344元/张（债券面值加当期应计利息，当期年利率为0.80%，且当期利息含税）。,,,,,,,,,100.344,,301193,家联科技,任意连续三十个交易日中至少有十五个交易日的收盘价格不低于当期转股价格的130%
,,强赎类公告,,,149358,21万科02,,2c519d1bbce9f41d,,,根据公司实际情况及当前的市场环境，公司决定放弃行使“21万科02”发行人赎回选择权。,,,,,,,2025-12-05,,,,000002,万科A,发行人有权决定在品种二存续期的第5年末行使品种二赎回选择权
,,下修类公告,,,123064,万孚转债,,2c51a22dc39055c4,,,证券代码：300482 证券简称：万孚生物 债券代码：123064 债券简称：万孚转债 转股价格：人民币27.00元/股 转股时间：2021年3月8日至2026年8月31日 根据《广州万孚生物技术股份有限公司向不特定对象发行可转换公司债券募集说明书》中相关约定：在本次发行的可转换公司债券存续期间，当公司股票在任意连续三十个交易日中至少有十五个交易日的收盘价低于当期转股价格的80%时，公司董事会有权提出转股价格向下修正方案并提交公司股东大会表决。,,,,,,,,,,,300482,万孚生物,在本次发行的可转换公司债券存续期间，当公司股票在任意连续三十个交易日中至少有十五个交易日的收盘价低于当期转股价格的80%时，公司董事会有权提出转股价格向下修正方案并提交公司股东大会表决。
,,强赎类公告,,,148093,22光控01,,2cefb6e37ba68a67,,,公司决定放弃行使发行人调整票面利率选择权，并行使本期债券的发行人赎回选择权，对赎回登记日登记在册的“22光控01”进行全额赎回。赎回价格：人民币103.43元/张（含当期利息，且当期利息含税）。,,,,,,,,,103.43元/张,,,,发行人赎回选择权
,,下修类公告,,,127062,垒知转债,,30845e746ac50608,,,自2026年3月19日至2026年4月1日，公司股票在连续30个交易日中已有10个交易日的收盘价低于当期转股价格的85%，预计触发转股价格向下修正条件。转股价格：7.59元/股。,,,,,,,,,,,002398,垒知集团,连续30个交易日中至少有10个交易日的收盘价低于当期转股价格的85%
,,下修类公告,,,113670,金23转债,,30b7b208c8914e64,,,自2026年2月28日至2026年3月13日，公司股票已有十个交易日的收盘价低于当期转股价格的80%（30.11元/股），若未来二十个交易日内有五个交易日公司股票收盘价低于转股价的80%，将触发“金23转债”转股价格的向下修正条款。在本次发行的可转换公司债券期满后五个交易日内，公司将按债券面值的115.00%（含最后一期利息）的价格赎回全部未转股的可转换公司债券。,,,,37.64,,,2026-03-14,,115.00,,603180,金牌家居,在本次发行的可转换公司债券存续期间，当公司股票在任意连续三十个交易日中至少有十五个交易日的收盘价低于当期转股价格的80%时，公司董事会有权提出转股价格向下修正方案并提交公司股东大会表决。
,,下修类公告,,,113693,志邦转债,,30f18f27273a6ecb,,,自2026年3月4日至2026年4月13日，公司股票在连续30个交易日内已有15个交易日收盘价格低于“志邦转债”当期转股价的80%（即9.21元/股），触发了“志邦转债”的转股价格修正条款。公司董事会决定本次不向下修正“志邦转债”的转股价格。,,,,11.52,,,2026-04-13,,,,603801,志邦家居,在任意连续三十个交易日中至少有十五个交易日的收盘价低于当期转股价格的80%
,,强赎类公告,,,148300,23广资01,,3220aeee5052fef9,,,赎回价格：人民币103.18元/张（含当期利息，且当期利息含税）。公司决定行使“23广资01”发行人赎回选择权，对赎回登记日登记在册的“23广资01”进行全额赎回。,,,,,,,,,103.18元/张,,,,根据《广州资产管理有限公司2023年面向专业投资者公开发行公司债券（第一期）募集说明书》中有关“23广资01”票面利率调整选择权和赎回选择权的条款约定，以及公司实际情况、当前市场环境，公司决定放弃行使发行人调整票面利率选择权，并行使本期债券的发行人赎回选择权
,,强赎类公告,,,21银河Y2,中国银河证券股份有限公司公开发行2021年永续次级债券（第二期）,,323a6fd32edbf518,,,公司决定行使21银河Y2发行人赎回权，即全部赎回21银河Y2。,,,,,,,2026-03-14,,按面值加应付利息（包括所有递延支付的利息及其孳息）,,601881,中国银河,于21银河Y2第五个和其后每个付息日，发行人有权按面值加应付利息（包括所有递延支付的利息及其孳息）赎回21银河Y2。
,,下修类公告,,,127059,永东转2,,3292ace3fc366b34,,,截至2026年4月24日，公司股票已出现连续二十个交易日中至少有十个交易日的收盘价低于当期转股价格的90%（即7.344元/股）的情形，已触发“永东转2”转股价格向下修正条款。公司董事会决定本次不向下修正“永东转2”的转股价格，且在未来六个月内如再次触发亦不提出向下修正方案。,,,,8.16,,,2026-04-24,,,,002753,山西永东化工股份有限公司,当公司股票在任意连续二十个交易日中至少有十个交易日的收盘价低于当期转股价格的90%时
,,下修类公告,,,123104,卫宁转债,,32aa4873314cd3f9,2026-03-30,,公司董事会决定将“卫宁转债”的转股价格由17.31元/股向下修正为9.43元/股，修正后的转股价格自2026年3月30日起生效。,,9.43,,17.31,,,,,,,300253,卫宁健康,连续三十个交易日中至少十五个交易日的收盘价低于当期转股价格的85%
,,下修类公告,,,123266,博士转债,,334d06f864bf890e,,,截至2026年4月10日，公司股票已经出现在任意连续三十个交易日中至少有十五个交易日的收盘价低于“博士转债”当期转股价格的85%的情形，触及“博士转债”转股价格向下修正条款。公司董事会决定本次不行使“博士转债”的转股价格向下修正的权利，且在未来六个月内如再次触发亦不提出向下修正方案。,,,,30.43,,,2026-04-10,,,,300622,博士眼镜,在任意连续三十个交易日中至少有十五个交易日的收盘价低于当期转股价格的85%
,,强赎类公告,,,123126,瑞丰转债,,33d8149824f14d86,,,赎回价格：102.532元/张（债券面值加当期应计利息，当期年利率为3.5%，且当期利息含税）；在本次发行的可转换公司债券转股期内，如果公司股票在任何连续三十个交易日中至少有十五个交易日的收盘价格不低于当期转股价格的130%（含130%）,,,,,,,,,102.532,,300243,瑞丰高材,在本次发行的可转换公司债券转股期内，如果公司股票在任何连续三十个交易日中至少有十五个交易日的收盘价格不低于当期转股价格的130%（含130%）
,,下修类公告,,,128119,龙大转债,,33e3702ee1867cbf,,,截至2026年1月19日，公司股票已有五个交易日低于当期转股价格的90%（即8.37元/股），预计触发可转债转股价格向下修正条件。,,,,9.30,,,2026-01-19,,,,002726,龙大美食,在本次发行的可转债存续期间，当公司A股股票在任意连续二十个交易日中有十个交易日的收盘价低于当期转股价格的90%时，公司董事会有权提出转股价格向下修正方案并提交公司股东大会审议表决。
,,下修类公告,,,128138,侨银转债,,34080219ab22ade9,2026-03-20,,原转股价格：17.90元/股；调整后转股价格：14.64元/股；新转股价实行日期：2026年3月20日；自2026年2月2日至2026年3月3日，公司股票在任意连续30个交易日中至少有15个交易日的收盘价格低于当期转股价格的85%，已触发“侨银转债”转股价格的向下修正条款。,,14.64元/股,,17.90元/股,,,,,,,002973,侨银股份,自2026年2月2日至2026年3月3日，公司股票在任意连续30个交易日中至少有15个交易日的收盘价格低于当期转股价格的85%
,,下修类公告,,,123214,东宝转债,,36c47a86423d01b4,,,自2026年4月16日至2026年4月29日，公司股票已有十个交易日的收盘价低于当期转股价格6.63元/股的90%，预计将触发“东宝转债”转股价格向下修正条件。,,,,6.63,,,2026-04-29,,,,300239,东宝生物,在本次发行的可转换公司债券存续期间，当公司A股股票在任意连续三十个交易日中至少有十五个交易日的收盘价低于当期转股价格的90%时
,,下修类公告,,,118018,瑞科转债,,36dc089a0ce95383,2026-04-14,,修正前转股价格：30.91元/股；修正后转股价格：21.00元/股；转股价格调整实施日期：2026年4月14日；公司董事会同意将“瑞科转债”的转股价格由30.91元/股向下修正为21.00元/股，修正后的“瑞科转债”转股价格自2026年4月14日起生效。,,21.0,,30.91,,,2026-04-11,,,,688323,瑞华泰,在本次发行的可转债存续期间，当公司股票在任意连续三十个交易日中至少有十五个交易日的收盘价低于当期转股价格的85%时
,,下修类公告,,,127050,麒麟转债,,3997191c093ee68f,,,"{'trigger_rule': '截至2026年5月29日，青岛森麒麟轮胎股份有限公司（以下简称“公司”）股票已出现在任意连续30个交易日中至少有15个交易日的收盘价低于当期转股价格85%的情形，已触发“麒麟转债”转股价格向下修正条件。', 'publish_date': None, 'original_conv_price': None, 'new_conv_price': None, 'effective_date': None, 'redemption_price': None}",,,,,,,,,,,002984,森麒麟,任意连续30个交易日中至少有15个交易日的收盘价低于当期转股价格85%
,,下修类公告,,,127098,欧晶转债,,5bf56f963ab3be0e,,,自2026年4月2日至2026年4月23日，公司股票已有十五个交易日的收盘价格低于当期转股价格42.00元/股的85%，已触发“欧晶转债”转股价格向下修正条款。2026年4月23日，经公司第四届董事会第十七次会议审议，董事会决定本次不向下修正转股价格，同时在本次董事会审议通过次一交易日2026年4月24日起至2026年6月1日如果再次触发“欧晶转债”转股价格向下修正条款，亦不提出向下修正方案。,,,,42.0,,,2026-04-23,,,,001269,欧晶科技,在本次可转债存续期间，当公司股票在任意连续三十个交易日中至少有十五个交易日的收盘价低于当期转股价格的85%时
,,下修类公告,,,123071,天能转债,,5c1850408d069479,,,转股价格：6.70元/股；股票自2025年12月18日至2025年12月24日已有5个交易日的收盘价格低于当期转股价格的90%；根据2025年12月17日公司2025年第二次临时股东会及第五届董事会第十六次会议决议，转股价格向下修正为6.70元/股；2024年6月18日，公司实施2023年度权益分派，天能转债的转股价格将由7.54元/股调整为7.47元/股。,,6.70,,7.47,,,2025-12-24,,,,300569,天能重工,股票收盘价格低于当期转股价格的90%
,,强赎类公告,,,148064,22越控02,,5cf11a9f52cca5be,2025-09-16,,公司决定放弃行使发行人调整票面利率选择权，并行使本期债券的发行人赎回选择权，对赎回登记日登记在册的“22越控02”进行全额赎回。赎回价格：人民币102.67元/张（含当期利息，且当期利息含税）。赎回资金到账日：2025年9月16日。,,,,,,,,,102.67元/张,,,,根据《广州越秀金融控股集团股份有限公司 2022年面向专业投资者公开发行公司债券（第二期）募集说明书》中有关“22越控02”票面利率调整选择权和赎回选择权的条款约定
,,强赎类公告,,,148064,22越控02,,5d0b04981709fc5e,,,根据《广州越秀金融控股集团股份有限公司 2022年面向专业投资者公开发行公司债券（第二期）募集说明书 》中有关 “22越控 02”票面利率调整选择权和赎回选择权 的条款约定，以及公司实际情况、当前市场环境，公司决定放弃行使发行人调整票面利率选择权，并行使本期债券的发行人赎回选择权，对赎回登记日登记在册的“ 22越控 02”进行全额赎回。赎回价格：人民币 102.67元/张（含当期利息，且当期利息含税）。,,,,,,,,,102.67元/张,,,广州越秀资本控股集团股份有限公司,发行人有权决定在本期债券品种一存续期的第3年末赎回本期债券品种一全部或部分未偿份额
,,强赎类公告,,,127066,科利转债,,5d5d8c33a88cd422,,,证券代码：002850 证券简称：科达利 债券代码：127066 债券简称：科利转债；可转债赎回价格：101.405元/张（含当期应计利息，当期年利率为1.5%，且当期利息含税）；自2026年4月16日至2026年5月18日，公司股票已满足连续三十个交易日中至少有十五个交易日的收盘价格不低于“科利转债”当期转股价格的130%（即193.31元/股）,,,,,,,,,101.405,,002850,科达利,连续三十个交易日中至少有十五个交易日的收盘价格不低于当期转股价格的130%
,,强赎类公告,,,111005,富春转债,,5db595b5e2269cac,,,赎回价格：101.3973元/张；公司股票自2026年4月9日至2026年4月29日期间，已满足连续三十个交易日中至少有十五个交易日的收盘价不低于本公司“富春转债”当期转股价格的11.98元/股的130%（即15.574元/股），已触发“富春转债”的有条件赎回条款。,,,,,,,,,101.3973,,605189,富春染织,在本次发行的可转债转股期内，如果公司股票连续三十个交易日中至少有十五个交易日的收盘价格不低于当期转股价格的130%（含130%）
,,强赎类公告,,,148300,23广资01,,5f720786eac4275f,2026-05-25,,根据公司实际情况、当前市场环境，公司决定放弃行使发行人调整票面利率选择权，并行使本期债券的发行人赎回选择权，对赎回登记日登记在册的“23广资01”进行全额赎回。赎回价格：人民币103.18元/张（含当期利息，且当期利息含税）。,,,,,,,,,103.18,,,,发行人赎回选择权
,,强赎类公告,,,113673,岱美转债,,5fee231de3fbecf2,,,"自2026年5月7日至2026年5月20日，公司股票价格已有十个交易日的收盘价不低于“岱美转债”当期转股价格的130%（即9.581元/股）。若公司股票连续三十个交易日中至少有十五个交易日的收盘价格不低于“岱美转债”当期转股价格的130%（含130%），将触发“岱美转债”的有条件赎回条款。在本次发行的可转换公司债券转股期内，如果下述两种情形的任意一种出现时，公司有权按照债券面值加当期应计利息的价格赎回全部或部分未转股的可转债：1、公司股票连续三十个交易日中至少有十五个交易日的收盘价不低于当期转股价格的130%（含130%）；2、本次发行的可转债未转股余额不足人民币3,000万元时。",,,,,,,2026-05-21,,债券面值加当期应计利息,,603730,上海岱美汽车内饰件股份有限公司,公司股票连续三十个交易日中至少有十五个交易日的收盘价不低于当期转股价格的130%（含130%）
,,下修类公告,,,118067,上26转债,,6075f01064448041,,,截至2026年4月9日，公司股票已出现连续三十个交易日中有十五个交易日的收盘价格低于当期转股价格的85%（即27.71元/股）的情形，已触发“上26转债”转股价格向下修正条款。公司董事会决定本次不向下修正“上26转债”转股价格，同时在未来三个月内（即2026年4月10日至2026年7月9日），如再次触发“上26转债”转股价格向下修正条款，亦不提出向下修正方案。,,,,32.6,,,2026-04-10,,,,688533,苏州上声电子股份有限公司,在本次发行的可转换公司债券存续期内，当公司股票在任意连续三十个交易日中至少十五个交易日的收盘价低于当期转股价格85%时
,,强赎类公告,,,127090,兴瑞转债,,6099488bf39d476e,,,可转债赎回价格：100.717元/张（含息税）。自2026年4月24日至2026年5月22日，公司股票已满足连续三十个交易日中至少有十五个交易日的收盘价格不低于“兴瑞转债”当期转股价格（25.50元/股）的130%（即33.15元/股）。已触发“兴瑞转债”的有条件赎回条款。,,,,,,,,,100.717元/张（含息税）,,002937,兴瑞科技,在本次发行的可转债转股期内，如果公司股票在任意连续三十个交易日中至少有十五个交易日的收盘价格不低于当期转股价格的130%（含130%）
,,下修类公告,,,110076,华海转债,,6560c9ee54448a23,,,自2026年3月27日至2026年4月17日期间，公司股票在连续30个交易日中已有15个交易日的收盘价低于当期转股价格的80%（即26.45元/股），触发转股价格向下修正条件。公司于2026年4月17日召开第九届董事会第十次临时会议，审议通过《关于提议向下修正“华海转债”转股价格的议案》，公司董事会提议向下修正“华海转债”转股价格。,,,,,,,,,,,600521,华海药业,连续30个交易日中至少有15个交易日的收盘价低于当期转股价格的80%
